customer_id_int,Recency,Frequency,Monetary,recency_score,frequency_score,monetary_score,R,F,M,RFM_Segment,RFM_Score
1,48,10,14692.31,2,3,1,2,3,1,2.03.01.0,6
2,7,12,30247.140000000003,5,4,4,5,4,4,5.04.04.0,13
3,137,7,21466.879999999997,1,1,2,1,1,2,1.01.02.0,4
4,6,17,42961.48,5,5,5,5,5,5,5.05.05.0,15
5,34,9,24022.56,2,2,3,2,2,3,2.02.03.0,7
6,37,15,38912.90000000001,2,5,5,2,5,5,2.05.05.0,12
7,92,7,16068.199999999999,1,1,1,1,1,1,1.01.01.0,3
8,70,12,34515.36,1,4,5,1,4,5,1.04.05.0,10
9,77,12,30001.41,1,4,4,1,4,4,1.04.04.0,9
10,22,8,19354.87,3,2,2,3,2,2,3.02.02.0,7
11,6,11,30688.64,5,3,4,5,3,4,5.03.04.0,12
12,62,9,25324.74,1,2,3,1,2,3,1.02.03.0,6
13,22,8,25637.510000000002,3,2,3,3,2,3,3.02.03.0,8
14,43,8,24660.23,2,2,3,2,2,3,2.02.03.0,7
15,11,8,24643.32,4,2,3,4,2,3,4.02.03.0,9
16,16,9,18602.39,4,2,2,4,2,2,4.02.02.0,8
17,35,11,23548.61,2,3,3,2,3,3,2.03.03.0,8
18,2,15,43707.75,5,5,5,5,5,5,5.05.05.0,15
19,13,13,28680.479999999996,4,5,4,4,5,4,4.05.04.0,13
20,5,16,39697.92,5,5,5,5,5,5,5.05.05.0,15
21,42,13,29460.860000000004,2,5,4,2,5,4,2.05.04.0,11
22,80,9,18425.12,1,2,2,1,2,2,1.02.02.0,5
23,90,10,27791.299999999996,1,3,4,1,3,4,1.03.04.0,8
24,1,9,28690.710000000003,5,2,4,5,2,4,5.02.04.0,11
25,9,6,12554.759999999998,4,1,1,4,1,1,4.01.01.0,6
26,27,13,27706.71,3,5,4,3,5,4,3.05.04.0,12
27,10,5,13403.45,4,1,1,4,1,1,4.01.01.0,6
28,7,9,12415.810000000001,5,2,1,5,2,1,5.02.01.0,8
29,37,10,20991.460000000003,2,3,2,2,3,2,2.03.02.0,7
30,92,9,28144.489999999998,1,2,4,1,2,4,1.02.04.0,7
31,62,15,49637.880000000005,1,5,5,1,5,5,1.05.05.0,11
32,20,12,34054.57,3,4,5,3,4,5,3.04.05.0,12
33,24,10,23361.27,3,3,3,3,3,3,3.03.03.0,9
34,5,7,13515.609999999999,5,1,1,5,1,1,5.01.01.0,7
35,25,8,17204.370000000003,3,2,1,3,2,1,3.02.01.0,6
36,23,12,37020.6,3,4,5,3,4,5,3.04.05.0,12
37,20,12,36526.53,3,4,5,3,4,5,3.04.05.0,12
38,38,10,25943.179999999997,2,3,3,2,3,3,2.03.03.0,8
39,1,6,20819.300000000003,5,1,2,5,1,2,5.01.02.0,8
40,22,10,20842.41,3,3,2,3,3,2,3.03.02.0,8
41,60,13,32591.580000000005,1,5,5,1,5,5,1.05.05.0,11
42,50,11,32056.839999999997,2,3,4,2,3,4,2.03.04.0,9
43,15,11,34648.53,4,3,5,4,3,5,4.03.05.0,12
44,77,11,25637.92,1,3,3,1,3,3,1.03.03.0,7
45,29,14,31608.520000000004,3,5,4,3,5,4,3.05.04.0,12
46,31,11,27240.019999999997,3,3,4,3,3,4,3.03.04.0,10
47,16,9,18211.96,4,2,2,4,2,2,4.02.02.0,8
48,2,9,26432.109999999997,5,2,4,5,2,4,5.02.04.0,11
49,63,8,18979.47,1,2,2,1,2,2,1.02.02.0,5
50,166,9,22418.06,1,2,3,1,2,3,1.02.03.0,6
51,15,12,29794.58,4,4,4,4,4,4,4.04.04.0,12
52,120,3,7729.67,1,1,1,1,1,1,1.01.01.0,3
53,41,5,14792.85,2,1,1,2,1,1,2.01.01.0,4
54,58,5,14937.44,2,1,1,2,1,1,2.01.01.0,4
55,9,9,12582.09,4,2,1,4,2,1,4.02.01.0,7
56,100,1,451.58,1,1,1,1,1,1,1.01.01.0,3
57,11,13,28527.180000000004,4,5,4,4,5,4,4.05.04.0,13
58,29,8,16532.329999999998,3,2,1,3,2,1,3.02.01.0,6
59,19,14,33308.659999999996,3,5,5,3,5,5,3.05.05.0,13
60,68,11,35279.67,1,3,5,1,3,5,1.03.05.0,9
61,12,8,21112.6,4,2,2,4,2,2,4.02.02.0,8
62,64,9,25397.24,1,2,3,1,2,3,1.02.03.0,6
63,24,9,19502.590000000004,3,2,2,3,2,2,3.02.02.0,7
64,15,14,42066.369999999995,4,5,5,4,5,5,4.05.05.0,14
65,107,9,24461.779999999995,1,2,3,1,2,3,1.02.03.0,6
66,69,6,17453.84,1,1,2,1,1,2,1.01.02.0,4
67,69,9,23883.62,1,2,3,1,2,3,1.02.03.0,6
68,8,11,22647.95,5,3,3,5,3,3,5.03.03.0,11
69,85,12,31886.4,1,4,4,1,4,4,1.04.04.0,9
70,48,8,20674.4,2,2,2,2,2,2,2.02.02.0,6
71,33,9,18515.86,3,2,2,3,2,2,3.02.02.0,7
72,20,10,27642.920000000002,3,3,4,3,3,4,3.03.04.0,10
73,31,11,31121.54,3,3,4,3,3,4,3.03.04.0,10
74,15,16,31946.489999999998,4,5,4,4,5,4,4.05.04.0,13
75,37,10,24950.520000000004,2,3,3,2,3,3,2.03.03.0,8
76,12,12,31571.22,4,4,4,4,4,4,4.04.04.0,12
77,18,12,36154.11,4,4,5,4,4,5,4.04.05.0,13
78,66,11,28883.76,1,3,4,1,3,4,1.03.04.0,8
79,34,11,22166.940000000002,2,3,3,2,3,3,2.03.03.0,8
80,38,9,23235.86,2,2,3,2,2,3,2.02.03.0,7
81,60,13,31920.620000000003,1,5,4,1,5,4,1.05.04.0,10
82,97,4,12194.71,1,1,1,1,1,1,1.01.01.0,3
83,7,11,36943.630000000005,5,3,5,5,3,5,5.03.05.0,13
84,90,6,15563.74,1,1,1,1,1,1,1.01.01.0,3
85,8,13,35068.31,5,5,5,5,5,5,5.05.05.0,15
86,10,19,45396.33,4,5,5,4,5,5,4.05.05.0,14
87,45,9,16586.58,2,2,1,2,2,1,2.02.01.0,5
88,8,9,21949.4,5,2,3,5,2,3,5.02.03.0,10
89,1,7,18496.43,5,1,2,5,1,2,5.01.02.0,8
90,13,8,28605.620000000003,4,2,4,4,2,4,4.02.04.0,10
91,13,7,21251.920000000002,4,1,2,4,1,2,4.01.02.0,7
92,1,12,26842.690000000002,5,4,4,5,4,4,5.04.04.0,13
93,5,12,29662.7,5,4,4,5,4,4,5.04.04.0,13
94,10,7,27327.29,4,1,4,4,1,4,4.01.04.0,9
95,11,10,19868.9,4,3,2,4,3,2,4.03.02.0,9
96,6,16,43851.48,5,5,5,5,5,5,5.05.05.0,15
97,10,17,50260.969999999994,4,5,5,4,5,5,4.05.05.0,14
98,24,11,26176.149999999998,3,3,3,3,3,3,3.03.03.0,9
99,15,8,22362.38,4,2,3,4,2,3,4.02.03.0,9
100,91,6,11238.91,1,1,1,1,1,1,1.01.01.0,3
101,31,11,35186.909999999996,3,3,5,3,3,5,3.03.05.0,11
102,34,11,22617.03,2,3,3,2,3,3,2.03.03.0,8
103,31,12,28063.860000000004,3,4,4,3,4,4,3.04.04.0,11
104,5,10,22037.890000000003,5,3,3,5,3,3,5.03.03.0,11
105,1,12,19331.44,5,4,2,5,4,2,5.04.02.0,11
106,79,6,19414.309999999998,1,1,2,1,1,2,1.01.02.0,4
107,110,7,19907.46,1,1,2,1,1,2,1.01.02.0,4
108,13,12,37739.23,4,4,5,4,4,5,4.04.05.0,13
109,36,14,35737.58,2,5,5,2,5,5,2.05.05.0,12
110,40,4,4253.36,2,1,1,2,1,1,2.01.01.0,4
111,24,11,20761.41,3,3,2,3,3,2,3.03.02.0,8
112,66,5,13233.16,1,1,1,1,1,1,1.01.01.0,3
113,101,7,18821.100000000002,1,1,2,1,1,2,1.01.02.0,4
114,40,10,21190.149999999998,2,3,2,2,3,2,2.03.02.0,7
115,14,4,8377.359999999999,4,1,1,4,1,1,4.01.01.0,6
116,6,15,31187.87,5,5,4,5,5,4,5.05.04.0,14
117,16,9,28997.79,4,2,4,4,2,4,4.02.04.0,10
118,22,11,33546.340000000004,3,3,5,3,3,5,3.03.05.0,11
119,14,11,26309.120000000003,4,3,3,4,3,3,4.03.03.0,10
120,2,10,24712.199999999997,5,3,3,5,3,3,5.03.03.0,11
121,42,9,22805.64,2,2,3,2,2,3,2.02.03.0,7
122,16,8,21062.29,4,2,2,4,2,2,4.02.02.0,8
123,208,4,17327.93,1,1,2,1,1,2,1.01.02.0,4
124,91,7,15041.029999999999,1,1,1,1,1,1,1.01.01.0,3
125,10,11,23822.149999999998,4,3,3,4,3,3,4.03.03.0,10
126,34,4,9532.679999999998,2,1,1,2,1,1,2.01.01.0,4
127,63,11,26366.089999999997,1,3,4,1,3,4,1.03.04.0,8
128,13,12,29061.68,4,4,4,4,4,4,4.04.04.0,12
129,66,6,22738.88,1,1,3,1,1,3,1.01.03.0,5
130,13,8,23365.6,4,2,3,4,2,3,4.02.03.0,9
131,85,10,22583.379999999997,1,3,3,1,3,3,1.03.03.0,7
132,62,13,37625.73,1,5,5,1,5,5,1.05.05.0,11
133,38,9,17283.6,2,2,2,2,2,2,2.02.02.0,6
134,50,12,31312.73,2,4,4,2,4,4,2.04.04.0,10
135,24,6,14530.87,3,1,1,3,1,1,3.01.01.0,5
136,64,12,33390.56,1,4,5,1,4,5,1.04.05.0,10
137,5,6,19676.239999999998,5,1,2,5,1,2,5.01.02.0,8
138,172,6,14667.56,1,1,1,1,1,1,1.01.01.0,3
139,72,7,18145.07,1,1,2,1,1,2,1.01.02.0,4
140,11,15,40974.409999999996,4,5,5,4,5,5,4.05.05.0,14
141,20,15,34083.100000000006,3,5,5,3,5,5,3.05.05.0,13
142,16,5,11893.67,4,1,1,4,1,1,4.01.01.0,6
143,60,9,21279.100000000002,1,2,2,1,2,2,1.02.02.0,5
144,43,9,21625.08,2,2,2,2,2,2,2.02.02.0,6
145,73,11,23551.210000000003,1,4,3,1,3,3,1.03.03.0,7
146,33,7,10688.320000000002,3,1,1,3,1,1,3.01.01.0,5
147,83,9,25674.070000000003,1,2,3,1,2,3,1.02.03.0,6
148,1,8,14861.740000000002,5,2,1,5,2,1,5.02.01.0,8
149,35,17,34916.02,2,5,5,2,5,5,2.05.05.0,12
150,26,7,17085.56,3,1,1,3,1,1,3.01.01.0,5
151,17,9,24870.300000000003,4,2,3,4,2,3,4.02.03.0,9
152,8,8,14394.98,5,2,1,5,2,1,5.02.01.0,8
153,57,6,15566.949999999999,2,1,1,2,1,1,2.01.01.0,4
154,91,12,27866.03,1,4,4,1,4,4,1.04.04.0,9
155,60,8,14512.58,1,2,1,1,2,1,1.02.01.0,4
156,58,11,29204.54,2,4,4,2,3,4,2.03.04.0,9
157,11,9,22394.319999999996,4,2,3,4,2,3,4.02.03.0,9
158,26,10,19893.730000000003,3,3,2,3,3,2,3.03.02.0,8
159,48,6,12517.859999999999,2,1,1,2,1,1,2.01.01.0,4
160,74,6,14492.18,1,1,1,1,1,1,1.01.01.0,3
161,8,9,21982.3,5,2,3,5,2,3,5.02.03.0,10
162,8,9,23008.920000000002,5,2,3,5,2,3,5.02.03.0,10
163,75,6,18405.96,1,1,2,1,1,2,1.01.02.0,4
164,59,9,22284.23,1,2,3,1,2,3,1.02.03.0,6
165,19,10,20972.36,3,3,2,3,3,2,3.03.02.0,8
166,118,6,23021.089999999997,1,1,3,1,1,3,1.01.03.0,5
167,48,15,41047.759999999995,2,5,5,2,5,5,2.05.05.0,12
168,8,11,34120.75,5,4,5,5,3,5,5.03.05.0,13
169,11,14,39038.78999999999,4,5,5,4,5,5,4.05.05.0,14
170,67,9,28425.43,1,2,4,1,2,4,1.02.04.0,7
171,32,10,20619.13,3,3,2,3,3,2,3.03.02.0,8
172,68,9,16599.39,1,2,1,1,2,1,1.02.01.0,4
173,14,10,28967.72,4,3,4,4,3,4,4.03.04.0,11
174,45,11,32917.55,2,4,5,2,3,5,2.03.05.0,10
175,45,7,21268.370000000003,2,1,2,2,1,2,2.01.02.0,5
176,13,10,20641.27,4,3,2,4,3,2,4.03.02.0,9
177,29,11,32205.129999999997,3,4,4,3,3,4,3.03.04.0,10
178,26,13,32501.170000000002,3,5,5,3,5,5,3.05.05.0,13
179,8,11,21761.390000000003,5,4,2,5,3,2,5.03.02.0,10
180,47,7,22698.53,2,1,3,2,1,3,2.01.03.0,6
181,33,14,29418.699999999993,3,5,4,3,5,4,3.05.04.0,12
182,99,12,30378.489999999998,1,4,4,1,4,4,1.04.04.0,9
183,43,11,38969.14,2,4,5,2,3,5,2.03.05.0,10
184,13,10,27554.45,4,3,4,4,3,4,4.03.04.0,11
185,18,9,25625.370000000003,4,2,3,4,2,3,4.02.03.0,9
186,35,11,26116.98,2,4,3,2,3,3,2.03.03.0,8
187,57,11,20736.719999999998,2,4,2,2,3,2,2.03.02.0,7
188,73,8,18369.03,1,2,2,1,2,2,1.02.02.0,5
189,26,13,24342.200000000004,3,5,3,3,5,3,3.05.03.0,11
190,111,7,19284.65,1,1,2,1,1,2,1.01.02.0,4
191,2,12,31482.09,5,4,4,5,4,4,5.04.04.0,13
192,98,8,15809.07,1,2,1,1,2,1,1.02.01.0,4
193,20,12,25659.84,3,4,3,3,4,3,3.04.03.0,10
194,13,12,30868.940000000002,4,4,4,4,4,4,4.04.04.0,12
195,7,12,28897.64,5,4,4,5,4,4,5.04.04.0,13
196,17,12,27992.929999999997,4,4,4,4,4,4,4.04.04.0,12
197,6,14,34496.9,5,5,5,5,5,5,5.05.05.0,15
198,22,13,23418.289999999994,3,5,3,3,5,3,3.05.03.0,11
199,99,8,20796.07,1,2,2,1,2,2,1.02.02.0,5
200,7,8,24996.120000000003,5,2,3,5,2,3,5.02.03.0,10
201,13,14,29234.489999999998,4,5,4,4,5,4,4.05.04.0,13
202,26,17,45142.49,3,5,5,3,5,5,3.05.05.0,13
203,1,9,15551.2,5,2,1,5,2,1,5.02.01.0,8
204,57,8,19612.0,2,2,2,2,2,2,2.02.02.0,6
205,51,6,14992.800000000001,2,1,1,2,1,1,2.01.01.0,4
206,20,11,21526.609999999997,3,4,2,3,3,2,3.03.02.0,8
207,52,10,18598.28,2,3,2,2,3,2,2.03.02.0,7
208,5,12,29749.6,5,4,4,5,4,4,5.04.04.0,13
209,2,7,19461.46,5,1,2,5,1,2,5.01.02.0,8
210,37,11,28713.78,2,4,4,2,3,4,2.03.04.0,9
211,62,6,11045.78,1,1,1,1,1,1,1.01.01.0,3
212,19,14,36354.229999999996,3,5,5,3,5,5,3.05.05.0,13
213,29,10,26086.239999999998,3,3,3,3,3,3,3.03.03.0,9
214,63,16,40377.7,1,5,5,1,5,5,1.05.05.0,11
215,15,10,27272.71,4,3,4,4,3,4,4.03.04.0,11
216,46,17,43720.810000000005,2,5,5,2,5,5,2.05.05.0,12
217,42,6,8207.75,2,1,1,2,1,1,2.01.01.0,4
218,7,10,25560.800000000003,5,3,3,5,3,3,5.03.03.0,11
219,90,5,13307.95,1,1,1,1,1,1,1.01.01.0,3
220,3,10,26568.950000000004,5,3,4,5,3,4,5.03.04.0,12
221,10,4,8370.89,4,1,1,4,1,1,4.01.01.0,6
222,7,9,18498.35,5,2,2,5,2,2,5.02.02.0,9
223,40,12,25873.68,2,4,3,2,4,3,2.04.03.0,9
224,6,4,8368.86,5,1,1,5,1,1,5.01.01.0,7
225,23,9,26152.809999999998,3,2,3,3,2,3,3.02.03.0,8
226,5,17,40004.23,5,5,5,5,5,5,5.05.05.0,15
227,101,8,24377.99,1,2,3,1,2,3,1.02.03.0,6
228,18,12,30368.49,4,4,4,4,4,4,4.04.04.0,12
229,5,15,53896.740000000005,5,5,5,5,5,5,5.05.05.0,15
230,63,7,18904.030000000002,1,1,2,1,1,2,1.01.02.0,4
231,84,7,9979.550000000001,1,1,1,1,1,1,1.01.01.0,3
232,19,10,18253.069999999996,3,3,2,3,3,2,3.03.02.0,8
233,33,9,27276.46,3,2,4,3,2,4,3.02.04.0,9
234,39,12,32106.949999999997,2,4,4,2,4,4,2.04.04.0,10
235,4,13,31518.840000000004,5,5,4,5,5,4,5.05.04.0,14
236,19,17,36469.2,3,5,5,3,5,5,3.05.05.0,13
237,18,7,17941.67,4,1,2,4,1,2,4.01.02.0,7
238,9,7,17190.38,4,1,1,4,1,1,4.01.01.0,6
239,16,12,28124.3,4,4,4,4,4,4,4.04.04.0,12
240,3,11,30619.18,5,4,4,5,3,4,5.03.04.0,12
241,15,12,27977.850000000006,4,4,4,4,4,4,4.04.04.0,12
242,36,12,31664.52,2,4,4,2,4,4,2.04.04.0,10
243,29,4,14868.150000000001,3,1,1,3,1,1,3.01.01.0,5
244,1,11,20673.89,5,4,2,5,3,2,5.03.02.0,10
245,35,11,23180.570000000003,2,4,3,2,3,3,2.03.03.0,8
246,53,10,28202.78,2,3,4,2,3,4,2.03.04.0,9
247,11,10,22438.120000000003,4,3,3,4,3,3,4.03.03.0,10
248,12,12,28621.51,4,4,4,4,4,4,4.04.04.0,12
249,55,6,6648.250000000001,2,1,1,2,1,1,2.01.01.0,4
250,10,8,16969.89,4,2,1,4,2,1,4.02.01.0,7
251,22,14,34075.31,3,5,5,3,5,5,3.05.05.0,13
252,1,10,30798.21,5,3,4,5,3,4,5.03.04.0,12
253,37,15,43687.13999999999,2,5,5,2,5,5,2.05.05.0,12
254,10,16,36407.8,4,5,5,4,5,5,4.05.05.0,14
255,16,10,15695.189999999999,4,3,1,4,3,1,4.03.01.0,8
256,2,12,25569.860000000004,5,4,3,5,4,3,5.04.03.0,12
257,14,5,16193.849999999999,4,1,1,4,1,1,4.01.01.0,6
258,98,9,24216.54,1,2,3,1,2,3,1.02.03.0,6
259,30,17,48939.1,3,5,5,3,5,5,3.05.05.0,13
260,18,10,21226.62,4,3,2,4,3,2,4.03.02.0,9
261,5,10,26601.29,5,3,4,5,3,4,5.03.04.0,12
262,28,10,27917.2,3,3,4,3,3,4,3.03.04.0,10
263,39,5,13258.6,2,1,1,2,1,1,2.01.01.0,4
264,69,7,16874.760000000002,1,1,1,1,1,1,1.01.01.0,3
265,42,7,17418.9,2,1,2,2,1,2,2.01.02.0,5
266,18,12,33056.53,4,4,5,4,4,5,4.04.05.0,13
267,29,11,31459.129999999997,3,4,4,3,3,4,3.03.04.0,10
268,118,9,17730.86,1,2,2,1,2,2,1.02.02.0,5
269,63,11,21069.7,1,4,2,1,3,2,1.03.02.0,6
270,11,8,21581.78,4,2,2,4,2,2,4.02.02.0,8
271,16,12,29679.75,4,4,4,4,4,4,4.04.04.0,12
272,36,7,20947.949999999997,2,1,2,2,1,2,2.01.02.0,5
273,19,8,18615.629999999997,3,2,2,3,2,2,3.02.02.0,7
274,63,10,27656.87,1,3,4,1,3,4,1.03.04.0,8
275,35,16,38418.79,2,5,5,2,5,5,2.05.05.0,12
276,64,9,22356.350000000002,1,2,3,1,2,3,1.02.03.0,6
277,32,9,16644.489999999998,3,2,1,3,2,1,3.02.01.0,6
278,69,9,27028.190000000002,1,2,4,1,2,4,1.02.04.0,7
279,24,8,15923.32,3,2,1,3,2,1,3.02.01.0,6
280,28,9,26134.039999999997,3,2,3,3,2,3,3.02.03.0,8
281,26,10,22069.15,3,3,3,3,3,3,3.03.03.0,9
282,14,12,25935.78,4,4,3,4,4,3,4.04.03.0,11
283,17,13,29327.960000000003,4,5,4,4,5,4,4.05.04.0,13
284,37,6,9892.369999999999,2,1,1,2,1,1,2.01.01.0,4
285,3,13,25631.369999999995,5,5,3,5,5,3,5.05.03.0,13
286,109,10,30724.509999999995,1,3,4,1,3,4,1.03.04.0,8
287,54,4,10359.91,2,1,1,2,1,1,2.01.01.0,4
288,6,7,11293.550000000001,5,1,1,5,1,1,5.01.01.0,7
289,28,7,17895.58,3,1,2,3,1,2,3.01.02.0,6
290,25,11,32276.25,3,4,5,3,3,5,3.03.05.0,11
291,44,7,14717.92,2,1,1,2,1,1,2.01.01.0,4
292,7,8,22624.41,5,2,3,5,2,3,5.02.03.0,10
293,16,8,16266.970000000001,4,2,1,4,2,1,4.02.01.0,7
294,53,8,16178.08,2,2,1,2,2,1,2.02.01.0,5
295,40,7,13976.0,2,1,1,2,1,1,2.01.01.0,4
296,42,13,23386.969999999994,2,5,3,2,5,3,2.05.03.0,10
297,56,7,23653.21,2,1,3,2,1,3,2.01.03.0,6
298,21,8,15735.84,3,2,1,3,2,1,3.02.01.0,6
299,113,10,18367.4,1,3,2,1,3,2,1.03.02.0,6
300,1,19,48671.27999999999,5,5,5,5,5,5,5.05.05.0,15
301,8,7,17178.04,5,1,1,5,1,1,5.01.01.0,7
302,7,11,30706.92,5,4,4,5,3,4,5.03.04.0,12
303,33,6,19407.5,3,1,2,3,1,2,3.01.02.0,6
304,6,13,29662.329999999998,5,5,4,5,5,4,5.05.04.0,14
305,46,3,1026.7,2,1,1,2,1,1,2.01.01.0,4
306,40,9,25306.08,2,2,3,2,2,3,2.02.03.0,7
307,81,12,25226.95,1,4,3,1,4,3,1.04.03.0,8
308,34,11,23977.559999999998,2,4,3,2,3,3,2.03.03.0,8
309,12,10,22293.960000000003,4,3,3,4,3,3,4.03.03.0,10
310,68,11,27951.33,1,4,4,1,3,4,1.03.04.0,8
311,18,10,17489.8,4,3,2,4,3,2,4.03.02.0,9
312,28,15,36840.05,3,5,5,3,5,5,3.05.05.0,13
313,72,8,19557.199999999997,1,2,2,1,2,2,1.02.02.0,5
314,14,11,27147.750000000004,4,4,4,4,3,4,4.03.04.0,11
315,41,7,14453.78,2,1,1,2,1,1,2.01.01.0,4
316,34,11,24724.59,2,4,3,2,3,3,2.03.03.0,8
317,4,10,26133.13,5,3,3,5,3,3,5.03.03.0,11
318,26,4,11742.36,3,1,1,3,1,1,3.01.01.0,5
319,94,7,19416.760000000002,1,1,2,1,1,2,1.01.02.0,4
320,30,12,36636.21,3,4,5,3,4,5,3.04.05.0,12
321,42,8,20936.21,2,2,2,2,2,2,2.02.02.0,6
322,12,8,18409.54,4,2,2,4,2,2,4.02.02.0,8
323,19,8,23533.68,3,2,3,3,2,3,3.02.03.0,8
324,2,12,32049.219999999998,5,4,4,5,4,4,5.04.04.0,13
325,6,12,29417.560000000005,5,4,4,5,4,4,5.04.04.0,13
326,3,11,29873.65,5,4,4,5,3,4,5.03.04.0,12
327,260,7,11017.68,1,1,1,1,1,1,1.01.01.0,3
328,4,12,29310.749999999996,5,4,4,5,4,4,5.04.04.0,13
329,32,11,20853.1,3,4,2,3,3,2,3.03.02.0,8
330,72,5,10773.25,1,1,1,1,1,1,1.01.01.0,3
331,19,14,30741.71,3,5,4,3,5,4,3.05.04.0,12
332,16,9,16036.74,4,2,1,4,2,1,4.02.01.0,7
333,31,15,46610.34,3,5,5,3,5,5,3.05.05.0,13
334,15,9,31923.19,4,2,4,4,2,4,4.02.04.0,10
335,30,24,48247.22,3,5,5,3,5,5,3.05.05.0,13
336,18,11,22549.230000000003,4,4,3,4,3,3,4.03.03.0,10
337,31,8,17721.61,3,2,2,3,2,2,3.02.02.0,7
338,52,4,6482.37,2,1,1,2,1,1,2.01.01.0,4
339,45,11,27722.54,2,4,4,2,3,4,2.03.04.0,9
340,15,16,45208.37,4,5,5,4,5,5,4.05.05.0,14
341,5,8,15393.9,5,2,1,5,2,1,5.02.01.0,8
342,78,10,32183.820000000003,1,3,4,1,3,4,1.03.04.0,8
343,5,10,22703.14,5,3,3,5,3,3,5.03.03.0,11
344,6,11,19849.38,5,4,2,5,3,2,5.03.02.0,10
345,23,15,44743.47,3,5,5,3,5,5,3.05.05.0,13
346,9,8,16348.309999999998,4,2,1,4,2,1,4.02.01.0,7
347,43,7,11519.61,2,1,1,2,1,1,2.01.01.0,4
348,11,8,19579.39,4,2,2,4,2,2,4.02.02.0,8
349,71,6,15456.619999999999,1,1,1,1,1,1,1.01.01.0,3
350,16,7,20968.16,4,1,2,4,1,2,4.01.02.0,7
351,11,13,35508.43,4,5,5,4,5,5,4.05.05.0,14
352,49,6,12027.619999999999,2,1,1,2,1,1,2.01.01.0,4
353,3,13,34036.3,5,5,5,5,5,5,5.05.05.0,15
354,17,12,38006.62,4,4,5,4,4,5,4.04.05.0,13
355,6,10,26201.5,5,3,3,5,3,3,5.03.03.0,11
356,17,13,30005.019999999997,4,5,4,4,5,4,4.05.04.0,13
357,12,4,13841.199999999999,4,1,1,4,1,1,4.01.01.0,6
358,103,9,19013.6,1,2,2,1,2,2,1.02.02.0,5
359,44,11,39804.71,2,4,5,2,3,5,2.03.05.0,10
360,39,15,33346.310000000005,2,5,5,2,5,5,2.05.05.0,12
361,18,11,27912.760000000002,4,4,4,4,3,4,4.03.04.0,11
362,143,7,20524.97,1,1,2,1,1,2,1.01.02.0,4
363,133,8,21687.91,1,2,2,1,2,2,1.02.02.0,5
364,45,10,18554.93,2,3,2,2,3,2,2.03.02.0,7
365,15,6,15154.37,4,1,1,4,1,1,4.01.01.0,6
366,8,9,25060.91,5,2,3,5,2,3,5.02.03.0,10
367,14,10,23582.77,4,3,3,4,3,3,4.03.03.0,10
368,14,11,26246.69,4,4,3,4,3,3,4.03.03.0,10
369,5,11,23773.649999999998,5,4,3,5,3,3,5.03.03.0,11
370,115,5,14250.279999999999,1,1,1,1,1,1,1.01.01.0,3
371,20,10,30901.72,3,3,4,3,3,4,3.03.04.0,10
372,2,9,22517.35,5,2,3,5,2,3,5.02.03.0,10
373,75,1,3227.12,1,1,1,1,1,1,1.01.01.0,3
374,10,12,38957.090000000004,4,4,5,4,4,5,4.04.05.0,13
375,25,16,44162.490000000005,3,5,5,3,5,5,3.05.05.0,13
376,70,14,32126.910000000003,1,5,4,1,5,4,1.05.04.0,10
377,30,10,26840.649999999998,3,3,4,3,3,4,3.03.04.0,10
378,20,9,19246.25,3,2,2,3,2,2,3.02.02.0,7
379,21,7,20272.78,3,1,2,3,1,2,3.01.02.0,6
380,118,6,9784.11,1,1,1,1,1,1,1.01.01.0,3
381,17,11,24937.47,4,4,3,4,3,3,4.03.03.0,10
382,17,12,25102.49,4,4,3,4,4,3,4.04.03.0,11
383,82,11,26244.570000000003,1,4,3,1,3,3,1.03.03.0,7
384,56,16,45189.630000000005,2,5,5,2,5,5,2.05.05.0,12
385,30,12,33486.0,3,4,5,3,4,5,3.04.05.0,12
386,37,8,20743.84,2,2,2,2,2,2,2.02.02.0,6
387,6,12,27123.57,5,4,4,5,4,4,5.04.04.0,13
388,53,10,14710.16,2,3,1,2,3,1,2.03.01.0,6
389,38,10,22087.9,2,3,3,2,3,3,2.03.03.0,8
390,9,14,34211.119999999995,4,5,5,4,5,5,4.05.05.0,14
391,35,6,14442.5,2,1,1,2,1,1,2.01.01.0,4
392,31,15,34280.58,3,5,5,3,5,5,3.05.05.0,13
393,24,15,36130.53,3,5,5,3,5,5,3.05.05.0,13
394,21,13,22983.79,3,5,3,3,5,3,3.05.03.0,11
395,33,13,32359.319999999996,3,5,5,3,5,5,3.05.05.0,13
396,7,12,35572.33,5,4,5,5,4,5,5.04.05.0,14
397,127,5,9103.13,1,1,1,1,1,1,1.01.01.0,3
398,47,14,33497.37,2,5,5,2,5,5,2.05.05.0,12
399,13,12,30482.65,4,4,4,4,4,4,4.04.04.0,12
400,8,11,33680.979999999996,5,4,5,5,3,5,5.03.05.0,13
401,9,13,26652.19,4,5,4,4,5,4,4.05.04.0,13
402,15,9,25039.18,4,2,3,4,2,3,4.02.03.0,9
403,56,13,34140.94,2,5,5,2,5,5,2.05.05.0,12
404,14,6,15215.579999999998,4,1,1,4,1,1,4.01.01.0,6
405,17,11,25744.58,4,4,3,4,3,3,4.03.03.0,10
406,60,10,16185.130000000001,1,3,1,1,3,1,1.03.01.0,5
407,9,12,27431.4,4,4,4,4,4,4,4.04.04.0,12
408,5,12,24536.87,5,4,3,5,4,3,5.04.03.0,12
409,88,10,25131.269999999997,1,3,3,1,3,3,1.03.03.0,7
410,64,8,14946.46,1,2,1,1,2,1,1.02.01.0,4
411,166,6,12268.710000000001,1,1,1,1,1,1,1.01.01.0,3
412,91,7,18715.600000000002,1,1,2,1,1,2,1.01.02.0,4
413,12,17,42733.93,4,5,5,4,5,5,4.05.05.0,14
414,7,7,18949.83,5,1,2,5,1,2,5.01.02.0,8
415,26,14,45299.479999999996,3,5,5,3,5,5,3.05.05.0,13
416,16,12,34036.2,4,4,5,4,4,5,4.04.05.0,13
417,24,14,38142.95,3,5,5,3,5,5,3.05.05.0,13
418,3,17,46901.86,5,5,5,5,5,5,5.05.05.0,15
419,3,19,49874.03,5,5,5,5,5,5,5.05.05.0,15
420,7,14,48842.979999999996,5,5,5,5,5,5,5.05.05.0,15
421,1,14,35558.41,5,5,5,5,5,5,5.05.05.0,15
422,30,8,17410.27,3,2,2,3,2,2,3.02.02.0,7
423,13,14,36218.55,4,5,5,4,5,5,4.05.05.0,14
424,38,12,33876.780000000006,2,4,5,2,4,5,2.04.05.0,11
425,77,10,21680.99,1,3,2,1,3,2,1.03.02.0,6
426,52,16,40218.61,2,5,5,2,5,5,2.05.05.0,12
427,10,14,35845.55,4,5,5,4,5,5,4.05.05.0,14
428,40,7,13512.83,2,1,1,2,1,1,2.01.01.0,4
429,75,10,17763.6,1,3,2,1,3,2,1.03.02.0,6
430,15,16,40795.83,4,5,5,4,5,5,4.05.05.0,14
431,9,4,6684.33,4,1,1,4,1,1,4.01.01.0,6
432,175,5,14247.170000000002,1,1,1,1,1,1,1.01.01.0,3
433,74,8,19878.11,1,2,2,1,2,2,1.02.02.0,5
434,47,9,19883.81,2,2,2,2,2,2,2.02.02.0,6
435,42,11,31489.12,2,4,4,2,3,4,2.03.04.0,9
436,21,11,30651.34,3,4,4,3,3,4,3.03.04.0,10
437,43,10,22460.559999999998,2,3,3,2,3,3,2.03.03.0,8
438,67,7,15742.320000000002,1,1,1,1,1,1,1.01.01.0,3
439,9,12,24736.04,4,4,3,4,4,3,4.04.03.0,11
440,37,8,17300.33,2,2,2,2,2,2,2.02.02.0,6
441,2,8,18609.85,5,2,2,5,2,2,5.02.02.0,9
442,98,6,15593.27,1,1,1,1,1,1,1.01.01.0,3
443,96,10,25272.829999999998,1,3,3,1,3,3,1.03.03.0,7
444,45,11,22911.64,2,4,3,2,3,3,2.03.03.0,8
445,66,8,20705.809999999998,1,2,2,1,2,2,1.02.02.0,5
446,23,9,22205.620000000003,3,2,3,3,2,3,3.02.03.0,8
447,82,10,22906.319999999996,1,3,3,1,3,3,1.03.03.0,7
448,19,15,43827.06999999999,3,5,5,3,5,5,3.05.05.0,13
449,5,11,32538.9,5,4,5,5,3,5,5.03.05.0,13
450,101,7,13223.42,1,1,1,1,1,1,1.01.01.0,3
451,3,16,40433.590000000004,5,5,5,5,5,5,5.05.05.0,15
452,89,8,18184.47,1,2,2,1,2,2,1.02.02.0,5
453,138,8,17679.39,1,2,2,1,2,2,1.02.02.0,5
454,15,13,31277.369999999995,4,5,4,4,5,4,4.05.04.0,13
455,11,8,17455.1,4,2,2,4,2,2,4.02.02.0,8
456,62,4,12660.599999999999,1,1,1,1,1,1,1.01.01.0,3
457,21,7,19704.36,3,1,2,3,1,2,3.01.02.0,6
458,66,6,18680.71,1,1,2,1,1,2,1.01.02.0,4
459,57,12,31339.939999999995,2,4,4,2,4,4,2.04.04.0,10
460,37,5,14465.6,2,1,1,2,1,1,2.01.01.0,4
461,26,11,24651.550000000003,3,4,3,3,3,3,3.03.03.0,9
462,12,4,9950.37,4,1,1,4,1,1,4.01.01.0,6
463,57,7,15693.74,2,1,1,2,1,1,2.01.01.0,4
464,84,7,21887.499999999996,1,1,2,1,1,2,1.01.02.0,4
465,33,4,10681.0,3,1,1,3,1,1,3.01.01.0,5
466,47,5,9043.289999999999,2,1,1,2,1,1,2.01.01.0,4
467,10,11,30934.64,4,4,4,4,3,4,4.03.04.0,11
468,58,12,24914.980000000007,2,4,3,2,4,3,2.04.03.0,9
469,4,11,26267.6,5,4,3,5,3,3,5.03.03.0,11
470,163,4,7897.139999999999,1,1,1,1,1,1,1.01.01.0,3
471,11,14,40931.18,4,5,5,4,5,5,4.05.05.0,14
472,54,9,24135.05,2,2,3,2,2,3,2.02.03.0,7
473,42,11,34864.19,2,4,5,2,3,5,2.03.05.0,10
474,27,10,22243.899999999998,3,3,3,3,3,3,3.03.03.0,9
475,54,11,34603.94,2,4,5,2,3,5,2.03.05.0,10
476,141,9,21647.289999999997,1,2,2,1,2,2,1.02.02.0,5
477,5,10,33440.13,5,3,5,5,3,5,5.03.05.0,13
478,13,10,26627.819999999996,4,3,4,4,3,4,4.03.04.0,11
479,115,10,24540.56,1,3,3,1,3,3,1.03.03.0,7
480,57,11,25642.91,2,4,3,2,3,3,2.03.03.0,8
481,54,8,29064.67,2,2,4,2,2,4,2.02.04.0,8
482,25,8,19961.19,3,2,2,3,2,2,3.02.02.0,7
483,38,9,20946.01,2,2,2,2,2,2,2.02.02.0,6
484,4,10,36428.46,5,3,5,5,3,5,5.03.05.0,13
485,9,16,36616.78999999999,4,5,5,4,5,5,4.05.05.0,14
486,2,11,23279.62,5,4,3,5,3,3,5.03.03.0,11
487,10,5,15524.419999999998,4,1,1,4,1,1,4.01.01.0,6
488,50,11,37204.43,2,4,5,2,3,5,2.03.05.0,10
489,16,11,30727.51,4,4,4,4,3,4,4.03.04.0,11
490,8,11,27669.059999999998,5,4,4,5,3,4,5.03.04.0,12
491,4,9,23790.92,5,2,3,5,2,3,5.02.03.0,10
492,17,8,16848.02,4,2,1,4,2,1,4.02.01.0,7
493,28,9,28961.960000000003,3,2,4,3,2,4,3.02.04.0,9
494,106,6,19272.15,1,1,2,1,1,2,1.01.02.0,4
495,10,12,35335.799999999996,4,4,5,4,4,5,4.04.05.0,13
496,22,11,17079.85,3,4,1,3,3,1,3.03.01.0,7
497,10,10,23601.62,4,3,3,4,3,3,4.03.03.0,10
498,10,9,23125.38,4,2,3,4,2,3,4.02.03.0,9
499,37,9,22680.37,2,2,3,2,2,3,2.02.03.0,7
500,56,10,17247.76,2,3,2,2,3,2,2.03.02.0,7
501,107,9,21780.250000000004,1,2,2,1,2,2,1.02.02.0,5
502,34,9,18061.809999999998,2,2,2,2,2,2,2.02.02.0,6
503,34,12,36354.79000000001,2,4,5,2,4,5,2.04.05.0,11
504,31,8,22292.47,3,2,3,3,2,3,3.02.03.0,8
505,66,7,8776.24,1,1,1,1,1,1,1.01.01.0,3
506,8,13,37124.659999999996,5,5,5,5,5,5,5.05.05.0,15
507,10,9,28654.700000000004,4,2,4,4,2,4,4.02.04.0,10
508,45,14,31491.13,2,5,4,2,5,4,2.05.04.0,11
509,17,10,18639.769999999997,4,3,2,4,3,2,4.03.02.0,9
510,67,11,28255.83,1,4,4,1,3,4,1.03.04.0,8
511,50,6,14064.489999999998,2,1,1,2,1,1,2.01.01.0,4
512,26,12,36058.97,3,4,5,3,4,5,3.04.05.0,12
513,27,12,32818.619999999995,3,4,5,3,4,5,3.04.05.0,12
514,6,12,37767.31,5,4,5,5,4,5,5.04.05.0,14
515,13,7,21252.59,4,1,2,4,1,2,4.01.02.0,7
516,21,10,22022.35,3,3,3,3,3,3,3.03.03.0,9
517,4,11,32017.84,5,4,4,5,3,4,5.03.04.0,12
518,33,10,29415.83,3,3,4,3,3,4,3.03.04.0,10
519,20,8,15670.41,3,2,1,3,2,1,3.02.01.0,6
520,12,17,49315.57000000001,4,5,5,4,5,5,4.05.05.0,14
521,5,13,25102.92,5,5,3,5,5,3,5.05.03.0,13
522,5,9,22730.84,5,2,3,5,2,3,5.02.03.0,10
523,15,7,15350.999999999998,4,1,1,4,1,1,4.01.01.0,6
524,9,11,35753.96,4,4,5,4,3,5,4.03.05.0,12
525,8,9,29205.0,5,2,4,5,2,4,5.02.04.0,11
526,7,9,32271.53,5,2,4,5,2,4,5.02.04.0,11
527,10,8,17977.620000000003,4,2,2,4,2,2,4.02.02.0,8
528,4,11,26647.98,5,4,4,5,3,4,5.03.04.0,12
529,7,9,23006.39,5,2,3,5,2,3,5.02.03.0,10
530,97,7,17327.010000000002,1,1,2,1,1,2,1.01.02.0,4
531,94,4,8114.94,1,1,1,1,1,1,1.01.01.0,3
532,40,14,37721.94000000001,2,5,5,2,5,5,2.05.05.0,12
533,99,6,17405.989999999998,1,1,2,1,1,2,1.01.02.0,4
534,12,8,23228.050000000003,4,2,3,4,2,3,4.02.03.0,9
535,2,14,32530.58,5,5,5,5,5,5,5.05.05.0,15
536,14,13,34597.71,4,5,5,4,5,5,4.05.05.0,14
537,80,8,16082.92,1,2,1,1,2,1,1.02.01.0,4
538,43,14,34941.88,2,5,5,2,5,5,2.05.05.0,12
539,43,14,41590.38000000001,2,5,5,2,5,5,2.05.05.0,12
540,47,11,24332.1,2,4,3,2,3,3,2.03.03.0,8
541,55,9,18277.370000000003,2,2,2,2,2,2,2.02.02.0,6
542,96,7,16991.77,1,1,1,1,1,1,1.01.01.0,3
543,58,11,32398.59,2,4,5,2,3,5,2.03.05.0,10
544,68,4,6597.02,1,1,1,1,1,1,1.01.01.0,3
545,4,13,25707.730000000003,5,5,3,5,5,3,5.05.03.0,13
546,123,8,22011.25,1,2,3,1,2,3,1.02.03.0,6
547,63,5,14566.81,1,1,1,1,1,1,1.01.01.0,3
548,23,9,15007.789999999999,3,2,1,3,2,1,3.02.01.0,6
549,9,11,29351.420000000002,4,4,4,4,3,4,4.03.04.0,11
550,155,7,19869.149999999998,1,1,2,1,1,2,1.01.02.0,4
551,10,14,34121.08,4,5,5,4,5,5,4.05.05.0,14
552,30,10,17488.719999999998,3,3,2,3,3,2,3.03.02.0,8
553,18,12,33578.63,4,4,5,4,4,5,4.04.05.0,13
554,4,9,27566.12,5,2,4,5,2,4,5.02.04.0,11
555,2,9,20167.98,5,2,2,5,2,2,5.02.02.0,9
556,9,5,11263.499999999998,4,1,1,4,1,1,4.01.01.0,6
557,49,13,44651.740000000005,2,5,5,2,5,5,2.05.05.0,12
558,46,12,32787.9,2,4,5,2,4,5,2.04.05.0,11
559,41,10,22315.410000000003,2,3,3,2,3,3,2.03.03.0,8
560,65,8,11018.78,1,2,1,1,2,1,1.02.01.0,4
561,13,11,26552.279999999995,4,4,4,4,3,4,4.03.04.0,11
562,19,11,30123.739999999998,3,4,4,3,3,4,3.03.04.0,10
563,7,10,24570.24,5,3,3,5,3,3,5.03.03.0,11
564,87,13,26607.489999999998,1,5,4,1,5,4,1.05.04.0,10
565,79,7,17452.95,1,1,2,1,1,2,1.01.02.0,4
566,21,15,34032.53,3,5,5,3,5,5,3.05.05.0,13
567,99,8,26490.05,1,2,4,1,2,4,1.02.04.0,7
568,23,10,31732.57,3,3,4,3,3,4,3.03.04.0,10
569,2,8,13519.18,5,2,1,5,2,1,5.02.01.0,8
570,10,6,15472.7,4,1,1,4,1,1,4.01.01.0,6
571,28,11,29058.08,3,4,4,3,3,4,3.03.04.0,10
572,3,11,28737.54,5,4,4,5,3,4,5.03.04.0,12
573,49,7,23244.25,2,1,3,2,1,3,2.01.03.0,6
574,1,12,34664.71,5,4,5,5,4,5,5.04.05.0,14
575,9,10,20944.94,4,3,2,4,3,2,4.03.02.0,9
576,56,15,43455.450000000004,2,5,5,2,5,5,2.05.05.0,12
577,90,8,17589.239999999998,1,2,2,1,2,2,1.02.02.0,5
578,70,13,29114.49,1,5,4,1,5,4,1.05.04.0,10
579,6,8,20087.02,5,2,2,5,2,2,5.02.02.0,9
580,13,11,18083.93,4,4,2,4,3,2,4.03.02.0,9
581,7,8,13610.35,5,2,1,5,2,1,5.02.01.0,8
582,5,13,33650.74,5,5,5,5,5,5,5.05.05.0,15
583,46,12,25385.999999999996,2,4,3,2,4,3,2.04.03.0,9
584,18,7,13436.71,4,1,1,4,1,1,4.01.01.0,6
585,26,13,35387.08,3,5,5,3,5,5,3.05.05.0,13
586,6,16,34897.21000000001,5,5,5,5,5,5,5.05.05.0,15
587,23,10,27767.620000000003,3,3,4,3,3,4,3.03.04.0,10
588,34,12,38547.09,2,4,5,2,4,5,2.04.05.0,11
589,16,15,35937.310000000005,4,5,5,4,5,5,4.05.05.0,14
590,30,9,22854.550000000003,3,2,3,3,2,3,3.02.03.0,8
591,17,12,32335.24,4,4,5,4,4,5,4.04.05.0,13
592,1,14,35934.12,5,5,5,5,5,5,5.05.05.0,15
593,21,12,25989.890000000003,3,4,3,3,4,3,3.04.03.0,10
594,13,10,27989.73,4,3,4,4,3,4,4.03.04.0,11
595,7,14,32673.76,5,5,5,5,5,5,5.05.05.0,15
596,52,7,17037.61,2,1,1,2,1,1,2.01.01.0,4
597,34,11,24632.5,2,4,3,2,3,3,2.03.03.0,8
598,33,9,20005.82,3,3,2,3,2,2,3.02.02.0,7
599,5,11,28565.65,5,4,4,5,3,4,5.03.04.0,12
600,106,9,21559.399999999998,1,3,2,1,2,2,1.02.02.0,5
601,11,5,11224.320000000002,4,1,1,4,1,1,4.01.01.0,6
602,8,16,48748.2,5,5,5,5,5,5,5.05.05.0,15
603,3,8,22838.71,5,2,3,5,2,3,5.02.03.0,10
604,197,2,4171.58,1,1,1,1,1,1,1.01.01.0,3
605,41,15,36186.880000000005,2,5,5,2,5,5,2.05.05.0,12
606,29,12,38675.5,3,4,5,3,4,5,3.04.05.0,12
607,87,9,29538.67,1,3,4,1,2,4,1.02.04.0,7
608,3,7,18831.370000000003,5,1,2,5,1,2,5.01.02.0,8
609,1,12,33917.89,5,4,5,5,4,5,5.04.05.0,14
610,177,9,29283.52,1,3,4,1,2,4,1.02.04.0,7
611,12,13,25689.06,4,5,3,4,5,3,4.05.03.0,12
612,16,14,35671.02,4,5,5,4,5,5,4.05.05.0,14
613,5,8,21528.9,5,2,2,5,2,2,5.02.02.0,9
614,63,9,16926.66,1,3,1,1,2,1,1.02.01.0,4
615,73,6,13602.96,1,1,1,1,1,1,1.01.01.0,3
616,125,8,21157.81,1,2,2,1,2,2,1.02.02.0,5
617,107,7,10750.740000000002,1,1,1,1,1,1,1.01.01.0,3
618,25,13,22147.760000000002,3,5,3,3,5,3,3.05.03.0,11
619,5,9,17019.02,5,3,1,5,2,1,5.02.01.0,8
620,43,11,24960.890000000003,2,4,3,2,3,3,2.03.03.0,8
621,59,9,21279.99,1,3,2,1,2,2,1.02.02.0,5
622,14,10,22083.260000000002,4,3,3,4,3,3,4.03.03.0,10
623,44,10,22851.32,2,3,3,2,3,3,2.03.03.0,8
624,6,6,12215.34,5,1,1,5,1,1,5.01.01.0,7
625,43,18,51034.42,2,5,5,2,5,5,2.05.05.0,12
626,23,11,24085.57,3,4,3,3,3,3,3.03.03.0,9
627,1,10,27592.179999999997,5,3,4,5,3,4,5.03.04.0,12
628,48,10,25789.370000000003,2,3,3,2,3,3,2.03.03.0,8
629,30,17,53160.28,3,5,5,3,5,5,3.05.05.0,13
630,32,9,24942.949999999997,3,3,3,3,2,3,3.02.03.0,8
631,16,11,34274.42,4,4,5,4,3,5,4.03.05.0,12
632,12,10,27474.25,4,3,4,4,3,4,4.03.04.0,11
633,30,10,20984.89,3,3,2,3,3,2,3.03.02.0,8
634,9,15,26315.690000000002,4,5,3,4,5,3,4.05.03.0,12
635,62,12,30722.09,1,4,4,1,4,4,1.04.04.0,9
636,8,4,9714.28,5,1,1,5,1,1,5.01.01.0,7
637,3,9,21946.299999999996,5,3,2,5,2,2,5.02.02.0,9
638,44,10,27173.130000000005,2,3,4,2,3,4,2.03.04.0,9
639,64,10,26169.81,1,3,3,1,3,3,1.03.03.0,7
640,2,11,28938.56,5,4,4,5,3,4,5.03.04.0,12
641,92,9,27191.219999999998,1,3,4,1,2,4,1.02.04.0,7
642,22,6,13084.96,3,1,1,3,1,1,3.01.01.0,5
643,51,6,14791.84,2,1,1,2,1,1,2.01.01.0,4
644,4,11,21661.0,5,4,2,5,3,2,5.03.02.0,10
645,22,7,17669.13,3,1,2,3,1,2,3.01.02.0,6
646,86,10,29029.7,1,3,4,1,3,4,1.03.04.0,8
647,127,9,21123.690000000002,1,3,2,1,2,2,1.02.02.0,5
648,47,8,20381.15,2,2,2,2,2,2,2.02.02.0,6
649,53,12,25086.11,2,4,3,2,4,3,2.04.03.0,9
650,7,14,41791.280000000006,5,5,5,5,5,5,5.05.05.0,15
651,5,13,25728.089999999997,5,5,3,5,5,3,5.05.03.0,13
652,34,9,13782.26,2,3,1,2,2,1,2.02.01.0,5
653,30,8,21223.24,3,2,2,3,2,2,3.02.02.0,7
654,11,13,33036.04000000001,4,5,5,4,5,5,4.05.05.0,14
655,58,7,16875.04,2,1,1,2,1,1,2.01.01.0,4
656,26,9,24842.64,3,3,3,3,2,3,3.02.03.0,8
657,21,8,17892.96,3,2,2,3,2,2,3.02.02.0,7
658,25,11,25945.95,3,4,3,3,3,3,3.03.03.0,9
659,5,13,18239.059999999998,5,5,2,5,5,2,5.05.02.0,12
660,8,14,32130.13,5,5,4,5,5,4,5.05.04.0,14
661,14,8,21676.11,4,2,2,4,2,2,4.02.02.0,8
662,8,12,18936.08,5,4,2,5,4,2,5.04.02.0,11
663,28,16,41772.2,3,5,5,3,5,5,3.05.05.0,13
664,5,11,19033.289999999997,5,4,2,5,3,2,5.03.02.0,10
665,63,10,25866.03,1,3,3,1,3,3,1.03.03.0,7
666,51,6,19054.11,2,1,2,2,1,2,2.01.02.0,5
667,38,10,28109.89,2,3,4,2,3,4,2.03.04.0,9
668,18,14,36071.01,4,5,5,4,5,5,4.05.05.0,14
669,16,10,30878.269999999997,4,3,4,4,3,4,4.03.04.0,11
670,55,11,29221.140000000003,2,4,4,2,3,4,2.03.04.0,9
671,10,14,40888.99,4,5,5,4,5,5,4.05.05.0,14
672,10,9,23293.710000000003,4,3,3,4,2,3,4.02.03.0,9
673,49,8,18656.17,2,2,2,2,2,2,2.02.02.0,6
674,21,11,19591.490000000005,3,4,2,3,3,2,3.03.02.0,8
675,2,7,21695.07,5,1,2,5,1,2,5.01.02.0,8
676,42,10,19745.73,2,3,2,2,3,2,2.03.02.0,7
677,28,12,23575.2,3,4,3,3,4,3,3.04.03.0,10
678,13,11,25941.250000000004,4,4,3,4,3,3,4.03.03.0,10
679,27,9,19215.83,3,3,2,3,2,2,3.02.02.0,7
680,18,13,25749.559999999998,4,5,3,4,5,3,4.05.03.0,12
681,68,10,27366.4,1,3,4,1,3,4,1.03.04.0,8
682,6,12,21161.390000000003,5,4,2,5,4,2,5.04.02.0,11
683,1,11,30895.04,5,4,4,5,3,4,5.03.04.0,12
684,85,7,11117.61,1,1,1,1,1,1,1.01.01.0,3
685,80,8,29324.92,1,2,4,1,2,4,1.02.04.0,7
686,87,7,19742.09,1,1,2,1,1,2,1.01.02.0,4
687,6,10,24104.34,5,3,3,5,3,3,5.03.03.0,11
688,57,7,21526.350000000002,2,1,2,2,1,2,2.01.02.0,5
689,19,9,20062.100000000002,3,3,2,3,2,2,3.02.02.0,7
690,31,8,18260.620000000003,3,2,2,3,2,2,3.02.02.0,7
691,11,12,32939.25,4,4,5,4,4,5,4.04.05.0,13
692,5,10,27243.81,5,3,4,5,3,4,5.03.04.0,12
693,8,11,35070.48,5,4,5,5,3,5,5.03.05.0,13
694,47,12,30341.420000000002,2,4,4,2,4,4,2.04.04.0,10
695,7,6,16228.730000000001,5,1,1,5,1,1,5.01.01.0,7
696,1,14,39850.200000000004,5,5,5,5,5,5,5.05.05.0,15
697,9,11,27205.429999999997,4,4,4,4,3,4,4.03.04.0,11
698,39,3,5221.289999999999,2,1,1,2,1,1,2.01.01.0,4
699,114,5,14668.48,1,1,1,1,1,1,1.01.01.0,3
700,7,11,30641.289999999997,5,4,4,5,3,4,5.03.04.0,12
701,9,13,33490.560000000005,4,5,5,4,5,5,4.05.05.0,14
702,96,8,12955.16,1,2,1,1,2,1,1.02.01.0,4
703,6,10,31882.02,5,3,4,5,3,4,5.03.04.0,12
704,14,16,37373.799999999996,4,5,5,4,5,5,4.05.05.0,14
705,54,9,24983.110000000004,2,3,3,2,2,3,2.02.03.0,7
706,5,12,27242.059999999998,5,4,4,5,4,4,5.04.04.0,13
707,8,8,19535.98,5,2,2,5,2,2,5.02.02.0,9
708,19,4,8581.07,3,1,1,3,1,1,3.01.01.0,5
709,10,5,6761.28,4,1,1,4,1,1,4.01.01.0,6
710,6,10,18829.120000000003,5,3,2,5,3,2,5.03.02.0,10
711,47,9,25418.57,2,3,3,2,2,3,2.02.03.0,7
712,78,10,19522.31,1,3,2,1,3,2,1.03.02.0,6
713,2,5,14761.169999999998,5,1,1,5,1,1,5.01.01.0,7
714,34,14,31768.289999999994,2,5,4,2,5,4,2.05.04.0,11
715,64,8,23799.77,1,2,3,1,2,3,1.02.03.0,6
716,24,8,17430.08,3,2,2,3,2,2,3.02.02.0,7
717,27,10,14457.15,3,3,1,3,3,1,3.03.01.0,7
718,6,8,18595.28,5,2,2,5,2,2,5.02.02.0,9
719,59,15,33990.34,1,5,5,1,5,5,1.05.05.0,11
720,5,14,43105.2,5,5,5,5,5,5,5.05.05.0,15
721,48,14,28920.410000000003,2,5,4,2,5,4,2.05.04.0,11
722,2,17,42287.52,5,5,5,5,5,5,5.05.05.0,15
723,23,7,14359.89,3,1,1,3,1,1,3.01.01.0,5
724,42,12,24513.120000000003,2,4,3,2,4,3,2.04.03.0,9
725,33,6,10672.789999999999,3,1,1,3,1,1,3.01.01.0,5
726,17,11,32188.57,4,4,4,4,3,4,4.03.04.0,11
727,7,6,19893.35,5,1,2,5,1,2,5.01.02.0,8
728,45,13,30355.179999999997,2,5,4,2,5,4,2.05.04.0,11
729,8,17,36899.299999999996,5,5,5,5,5,5,5.05.05.0,15
730,34,10,28885.16,2,3,4,2,3,4,2.03.04.0,9
731,22,13,31877.8,3,5,4,3,5,4,3.05.04.0,12
732,40,12,30000.42,2,4,4,2,4,4,2.04.04.0,10
733,69,9,18250.1,1,3,2,1,2,2,1.02.02.0,5
734,143,6,12351.619999999999,1,1,1,1,1,1,1.01.01.0,3
735,15,13,35089.1,4,5,5,4,5,5,4.05.05.0,14
736,9,8,16009.810000000001,4,2,1,4,2,1,4.02.01.0,7
737,12,10,23106.02,4,3,3,4,3,3,4.03.03.0,10
738,3,8,13115.09,5,2,1,5,2,1,5.02.01.0,8
739,20,11,36198.14,3,4,5,3,3,5,3.03.05.0,11
740,18,11,39297.77999999999,4,4,5,4,3,5,4.03.05.0,12
741,106,5,13181.869999999999,1,1,1,1,1,1,1.01.01.0,3
742,23,9,30648.829999999998,3,3,4,3,2,4,3.02.04.0,9
743,21,10,22404.87,3,3,3,3,3,3,3.03.03.0,9
744,67,10,28204.909999999996,1,3,4,1,3,4,1.03.04.0,8
745,13,16,37462.9,4,5,5,4,5,5,4.05.05.0,14
746,144,9,19985.32,1,3,2,1,2,2,1.02.02.0,5
747,12,12,21336.2,4,4,2,4,4,2,4.04.02.0,10
748,76,12,30331.39,1,4,4,1,4,4,1.04.04.0,9
749,14,7,14414.61,4,1,1,4,1,1,4.01.01.0,6
750,19,10,20682.649999999998,3,3,2,3,3,2,3.03.02.0,8
751,23,12,29566.2,3,4,4,3,4,4,3.04.04.0,11
752,3,15,35575.369999999995,5,5,5,5,5,5,5.05.05.0,15
753,22,7,16612.250000000004,3,1,1,3,1,1,3.01.01.0,5
754,22,11,27053.12,3,4,4,3,3,4,3.03.04.0,10
755,55,13,25543.32,2,5,3,2,5,3,2.05.03.0,10
756,4,10,26487.089999999997,5,3,4,5,3,4,5.03.04.0,12
757,64,12,23608.12,1,4,3,1,4,3,1.04.03.0,8
758,89,12,42027.60999999999,1,4,5,1,4,5,1.04.05.0,10
759,135,4,12162.83,1,1,1,1,1,1,1.01.01.0,3
760,6,10,21426.100000000002,5,3,2,5,3,2,5.03.02.0,10
761,3,13,28308.73,5,5,4,5,5,4,5.05.04.0,14
762,3,14,31397.27,5,5,4,5,5,4,5.05.04.0,14
763,15,13,32029.19,4,5,4,4,5,4,4.05.04.0,13
764,14,9,19494.61,4,3,2,4,2,2,4.02.02.0,8
765,14,8,15421.7,4,2,1,4,2,1,4.02.01.0,7
766,20,7,21941.91,3,1,2,3,1,2,3.01.02.0,6
767,68,4,14286.77,1,1,1,1,1,1,1.01.01.0,3
768,103,6,14098.03,1,1,1,1,1,1,1.01.01.0,3
769,47,9,20645.910000000003,2,3,2,2,2,2,2.02.02.0,6
770,31,13,38232.18000000001,3,5,5,3,5,5,3.05.05.0,13
771,31,7,16751.95,3,1,1,3,1,1,3.01.01.0,5
772,3,12,27685.879999999997,5,4,4,5,4,4,5.04.04.0,13
773,24,7,25454.309999999998,3,1,3,3,1,3,3.01.03.0,7
774,28,8,21492.620000000003,3,2,2,3,2,2,3.02.02.0,7
775,24,8,16082.61,3,2,1,3,2,1,3.02.01.0,6
776,40,3,10598.41,2,1,1,2,1,1,2.01.01.0,4
777,14,9,22094.13,4,3,3,4,2,3,4.02.03.0,9
778,60,10,24847.329999999998,1,3,3,1,3,3,1.03.03.0,7
779,35,10,26339.1,2,3,3,2,3,3,2.03.03.0,8
780,42,13,42682.58,2,5,5,2,5,5,2.05.05.0,12
781,23,10,30865.76,3,3,4,3,3,4,3.03.04.0,10
782,8,6,13565.4,5,1,1,5,1,1,5.01.01.0,7
783,6,10,33358.1,5,3,5,5,3,5,5.03.05.0,13
784,10,13,25169.870000000003,4,5,3,4,5,3,4.05.03.0,12
785,31,8,24182.49,3,2,3,3,2,3,3.02.03.0,8
786,13,10,20514.04,4,3,2,4,3,2,4.03.02.0,9
787,37,10,24412.989999999998,2,3,3,2,3,3,2.03.03.0,8
788,4,11,27476.300000000003,5,4,4,5,3,4,5.03.04.0,12
789,149,8,18737.120000000003,1,2,2,1,2,2,1.02.02.0,5
790,12,10,22276.57,4,3,3,4,3,3,4.03.03.0,10
791,4,17,34804.98,5,5,5,5,5,5,5.05.05.0,15
792,1,16,42111.36,5,5,5,5,5,5,5.05.05.0,15
793,35,12,28276.390000000003,2,4,4,2,4,4,2.04.04.0,10
794,9,7,14533.59,4,1,1,4,1,1,4.01.01.0,6
795,60,9,22196.79,1,3,3,1,2,3,1.02.03.0,6
796,42,12,35153.049999999996,2,4,5,2,4,5,2.04.05.0,11
797,13,11,38845.79,4,4,5,4,3,5,4.03.05.0,12
798,96,9,27053.24,1,3,4,1,2,4,1.02.04.0,7
799,42,14,28462.929999999997,2,5,4,2,5,4,2.05.04.0,11
800,57,13,30383.649999999998,2,5,4,2,5,4,2.05.04.0,11
801,59,10,25837.43,1,3,3,1,3,3,1.03.03.0,7
802,57,11,30412.850000000002,2,4,4,2,3,4,2.03.04.0,9
803,12,13,27929.100000000002,4,5,4,4,5,4,4.05.04.0,13
804,4,9,21191.99,5,3,2,5,2,2,5.02.02.0,9
805,53,12,24183.19,2,4,3,2,4,3,2.04.03.0,9
806,18,15,28871.75,4,5,4,4,5,4,4.05.04.0,13
807,18,17,42670.869999999995,4,5,5,4,5,5,4.05.05.0,14
808,58,7,22868.079999999998,2,1,3,2,1,3,2.01.03.0,6
809,69,8,14342.51,1,2,1,1,2,1,1.02.01.0,4
810,61,9,19877.8,1,3,2,1,2,2,1.02.02.0,5
811,25,8,12050.86,3,2,1,3,2,1,3.02.01.0,6
812,2,14,31323.300000000003,5,5,4,5,5,4,5.05.04.0,14
813,70,8,10880.36,1,2,1,1,2,1,1.02.01.0,4
814,28,15,48265.630000000005,3,5,5,3,5,5,3.05.05.0,13
815,28,10,20904.359999999997,3,3,2,3,3,2,3.03.02.0,8
816,59,10,16961.98,1,3,1,1,3,1,1.03.01.0,5
817,3,10,17614.63,5,3,2,5,3,2,5.03.02.0,10
818,21,7,15986.54,3,1,1,3,1,1,3.01.01.0,5
819,31,5,8789.89,3,1,1,3,1,1,3.01.01.0,5
820,4,13,30466.969999999998,5,5,4,5,5,4,5.05.04.0,14
821,4,9,18295.769999999997,5,3,2,5,2,2,5.02.02.0,9
822,2,9,24588.2,5,3,3,5,2,3,5.02.03.0,10
823,30,12,38918.28,3,4,5,3,4,5,3.04.05.0,12
824,2,10,26868.96,5,3,4,5,3,4,5.03.04.0,12
825,98,11,42827.78999999999,1,4,5,1,3,5,1.03.05.0,9
826,49,13,24313.42,2,5,3,2,5,3,2.05.03.0,10
827,13,14,34733.37,4,5,5,4,5,5,4.05.05.0,14
828,6,6,15699.300000000001,5,1,1,5,1,1,5.01.01.0,7
829,20,8,18892.75,3,2,2,3,2,2,3.02.02.0,7
830,13,16,32727.229999999996,4,5,5,4,5,5,4.05.05.0,14
831,135,5,20965.86,1,1,2,1,1,2,1.01.02.0,4
832,15,6,9841.08,4,1,1,4,1,1,4.01.01.0,6
833,55,14,40470.11,2,5,5,2,5,5,2.05.05.0,12
834,27,7,21894.73,3,1,2,3,1,2,3.01.02.0,6
835,28,14,39211.020000000004,3,5,5,3,5,5,3.05.05.0,13
836,38,8,25583.61,2,2,3,2,2,3,2.02.03.0,7
837,55,10,23110.37,2,3,3,2,3,3,2.03.03.0,8
838,12,7,25767.53,4,1,3,4,1,3,4.01.03.0,8
839,10,9,23131.039999999997,4,3,3,4,2,3,4.02.03.0,9
840,7,11,15949.380000000001,5,4,1,5,3,1,5.03.01.0,9
841,4,8,23312.949999999997,5,2,3,5,2,3,5.02.03.0,10
842,3,7,17408.54,5,1,2,5,1,2,5.01.02.0,8
843,29,6,10164.21,3,1,1,3,1,1,3.01.01.0,5
844,98,9,19241.94,1,3,2,1,2,2,1.02.02.0,5
845,1,21,52801.729999999996,5,5,5,5,5,5,5.05.05.0,15
846,12,11,36906.22,4,4,5,4,3,5,4.03.05.0,12
847,3,12,27874.159999999996,5,4,4,5,4,4,5.04.04.0,13
848,23,10,27261.979999999996,3,3,4,3,3,4,3.03.04.0,10
849,36,9,23734.49,2,3,3,2,2,3,2.02.03.0,7
850,57,8,13678.869999999999,2,2,1,2,2,1,2.02.01.0,5
851,33,8,20655.37,3,2,2,3,2,2,3.02.02.0,7
852,5,15,45236.03,5,5,5,5,5,5,5.05.05.0,15
853,42,12,26733.6,2,4,4,2,4,4,2.04.04.0,10
854,21,12,38495.92,3,4,5,3,4,5,3.04.05.0,12
855,1,10,24034.489999999998,5,3,3,5,3,3,5.03.03.0,11
856,87,6,9650.11,1,1,1,1,1,1,1.01.01.0,3
857,24,6,12921.380000000001,3,1,1,3,1,1,3.01.01.0,5
858,1,14,37705.54,5,5,5,5,5,5,5.05.05.0,15
859,20,14,31632.93,3,5,4,3,5,4,3.05.04.0,12
860,39,7,20848.98,2,1,2,2,1,2,2.01.02.0,5
861,11,12,22826.8,4,4,3,4,4,3,4.04.03.0,11
862,6,13,26414.04,5,5,4,5,5,4,5.05.04.0,14
863,23,10,37579.08,3,3,5,3,3,5,3.03.05.0,11
864,14,18,47960.74,4,5,5,4,5,5,4.05.05.0,14
865,2,8,12410.09,5,2,1,5,2,1,5.02.01.0,8
866,27,16,31292.62,3,5,4,3,5,4,3.05.04.0,12
867,3,14,25883.14,5,5,3,5,5,3,5.05.03.0,13
868,14,15,47315.52999999999,4,5,5,4,5,5,4.05.05.0,14
869,55,7,13844.399999999998,2,1,1,2,1,1,2.01.01.0,4
870,8,13,36367.94,5,5,5,5,5,5,5.05.05.0,15
871,13,13,31000.98,4,5,4,4,5,4,4.05.04.0,13
872,3,9,30705.809999999998,5,3,4,5,2,4,5.02.04.0,11
873,13,8,19852.47,4,2,2,4,2,2,4.02.02.0,8
874,4,10,20720.530000000002,5,3,2,5,3,2,5.03.02.0,10
875,28,8,12984.990000000002,3,2,1,3,2,1,3.02.01.0,6
876,48,13,38522.17999999999,2,5,5,2,5,5,2.05.05.0,12
877,53,10,21144.910000000003,2,3,2,2,3,2,2.03.02.0,7
878,47,10,23428.25,2,3,3,2,3,3,2.03.03.0,8
879,25,8,18864.82,3,2,2,3,2,2,3.02.02.0,7
880,8,8,19714.79,5,2,2,5,2,2,5.02.02.0,9
881,6,11,21060.200000000004,5,4,2,5,3,2,5.03.02.0,10
882,22,7,22758.86,3,1,3,3,1,3,3.01.03.0,7
883,77,13,35073.82,1,5,5,1,5,5,1.05.05.0,11
884,9,10,26257.93,4,3,3,4,3,3,4.03.03.0,10
885,34,12,27307.870000000003,2,4,4,2,4,4,2.04.04.0,10
886,122,8,20473.510000000002,1,2,2,1,2,2,1.02.02.0,5
887,5,14,38495.5,5,5,5,5,5,5,5.05.05.0,15
888,23,12,30224.55,3,4,4,3,4,4,3.04.04.0,11
889,118,4,7362.38,1,1,1,1,1,1,1.01.01.0,3
890,2,12,27707.26,5,4,4,5,4,4,5.04.04.0,13
891,53,11,22085.23,2,4,3,2,3,3,2.03.03.0,8
892,72,8,22431.54,1,2,3,1,2,3,1.02.03.0,6
893,17,12,32016.8,4,4,4,4,4,4,4.04.04.0,12
894,13,9,24679.600000000002,4,3,3,4,2,3,4.02.03.0,9
895,62,11,31372.91,1,4,4,1,3,4,1.03.04.0,8
896,35,9,21383.92,2,3,2,2,2,2,2.02.02.0,6
897,29,12,24585.910000000003,3,4,3,3,4,3,3.04.03.0,10
898,61,14,37030.93000000001,1,5,5,1,5,5,1.05.05.0,11
899,54,6,9320.76,2,1,1,2,1,1,2.01.01.0,4
900,113,8,14099.810000000001,1,2,1,1,2,1,1.02.01.0,4
901,11,8,20743.56,4,2,2,4,2,2,4.02.02.0,8
902,39,12,28149.270000000004,2,4,4,2,4,4,2.04.04.0,10
903,68,11,21289.969999999998,1,4,2,1,3,2,1.03.02.0,6
904,6,12,24326.449999999997,5,4,3,5,4,3,5.04.03.0,12
905,27,8,9004.59,3,2,1,3,2,1,3.02.01.0,6
906,37,12,33603.14,2,4,5,2,4,5,2.04.05.0,11
907,23,8,15747.98,3,2,1,3,2,1,3.02.01.0,6
908,18,14,45328.81999999999,4,5,5,4,5,5,4.05.05.0,14
909,25,6,15701.039999999999,3,1,1,3,1,1,3.01.01.0,5
910,18,8,19821.840000000004,4,2,2,4,2,2,4.02.02.0,8
911,6,11,28148.409999999996,5,4,4,5,3,4,5.03.04.0,12
912,14,10,24432.64,4,3,3,4,3,3,4.03.03.0,10
913,22,11,21194.42,3,4,2,3,3,2,3.03.02.0,8
914,35,8,13663.380000000001,2,2,1,2,2,1,2.02.01.0,5
915,6,7,12668.210000000001,5,1,1,5,1,1,5.01.01.0,7
916,12,4,12762.66,4,1,1,4,1,1,4.01.01.0,6
917,65,8,27653.32,1,2,4,1,2,4,1.02.04.0,7
918,5,14,27721.52,5,5,4,5,5,4,5.05.04.0,14
919,9,9,30399.020000000004,4,3,4,4,2,4,4.02.04.0,10
920,31,13,36062.049999999996,3,5,5,3,5,5,3.05.05.0,13
921,29,7,18651.41,3,1,2,3,1,2,3.01.02.0,6
922,17,12,36598.03,4,4,5,4,4,5,4.04.05.0,13
923,75,8,22645.28,1,2,3,1,2,3,1.02.03.0,6
924,14,10,32009.75,4,3,4,4,3,4,4.03.04.0,11
925,58,10,26234.410000000003,2,3,3,2,3,3,2.03.03.0,8
926,63,7,19253.49,1,1,2,1,1,2,1.01.02.0,4
927,27,11,27170.78,3,4,4,3,3,4,3.03.04.0,10
928,19,14,34744.91,3,5,5,3,5,5,3.05.05.0,13
929,37,4,7695.43,2,1,1,2,1,1,2.01.01.0,4
930,65,4,5737.09,1,1,1,1,1,1,1.01.01.0,3
931,47,9,24698.01,2,3,3,2,2,3,2.02.03.0,7
932,109,13,39847.24,1,5,5,1,5,5,1.05.05.0,11
933,24,10,22863.91,3,3,3,3,3,3,3.03.03.0,9
934,17,9,19941.29,4,3,2,4,2,2,4.02.02.0,8
935,24,12,37591.19,3,5,5,3,4,5,3.04.05.0,12
936,1,7,20883.79,5,1,2,5,1,2,5.01.02.0,8
937,97,5,14735.240000000002,1,1,1,1,1,1,1.01.01.0,3
938,54,10,28838.56,2,3,4,2,3,4,2.03.04.0,9
939,10,13,26516.53,4,5,4,4,5,4,4.05.04.0,13
940,40,6,10967.439999999999,2,1,1,2,1,1,2.01.01.0,4
941,30,10,25128.16,3,3,3,3,3,3,3.03.03.0,9
942,4,7,17360.879999999997,5,2,2,5,1,2,5.01.02.0,8
943,19,8,18942.67,3,2,2,3,2,2,3.02.02.0,7
944,93,12,28427.4,1,5,4,1,4,4,1.04.04.0,9
945,6,9,17859.039999999997,5,3,2,5,2,2,5.02.02.0,9
946,25,10,28223.67,3,3,4,3,3,4,3.03.04.0,10
947,2,5,13967.41,5,1,1,5,1,1,5.01.01.0,7
948,27,11,25669.34,3,4,3,3,3,3,3.03.03.0,9
949,51,10,21479.34,2,3,2,2,3,2,2.03.02.0,7
950,28,12,32321.469999999998,3,5,5,3,4,5,3.04.05.0,12
951,15,15,37565.29,4,5,5,4,5,5,4.05.05.0,14
952,16,7,15323.38,4,2,1,4,1,1,4.01.01.0,6
953,142,10,16836.51,1,3,1,1,3,1,1.03.01.0,5
954,17,7,11955.71,4,2,1,4,1,1,4.01.01.0,6
955,35,10,31380.099999999995,2,3,4,2,3,4,2.03.04.0,9
956,32,14,33452.689999999995,3,5,5,3,5,5,3.05.05.0,13
957,17,7,20221.25,4,2,2,4,1,2,4.01.02.0,7
958,1,16,25739.66,5,5,3,5,5,3,5.05.03.0,13
959,1,7,22848.43,5,2,3,5,1,3,5.01.03.0,9
960,7,12,38855.04,5,5,5,5,4,5,5.04.05.0,14
961,150,7,22226.27,1,2,3,1,1,3,1.01.03.0,5
962,64,5,15836.09,1,1,1,1,1,1,1.01.01.0,3
963,21,13,34312.45,3,5,5,3,5,5,3.05.05.0,13
964,19,9,24320.589999999997,3,3,3,3,2,3,3.02.03.0,8
965,24,13,24512.74,3,5,3,3,5,3,3.05.03.0,11
966,13,13,32352.77,4,5,5,4,5,5,4.05.05.0,14
967,18,7,10172.19,4,2,1,4,1,1,4.01.01.0,6
968,25,7,17592.39,3,2,2,3,1,2,3.01.02.0,6
969,78,7,14458.55,1,2,1,1,1,1,1.01.01.0,3
970,18,13,34998.869999999995,4,5,5,4,5,5,4.05.05.0,14
971,7,10,26014.780000000002,5,3,3,5,3,3,5.03.03.0,11
972,40,6,20974.33,2,1,2,2,1,2,2.01.02.0,5
973,55,7,22987.9,2,2,3,2,1,3,2.01.03.0,6
974,18,7,23399.54,4,2,3,4,1,3,4.01.03.0,8
975,26,10,20975.36,3,3,2,3,3,2,3.03.02.0,8
976,7,10,29599.829999999998,5,3,4,5,3,4,5.03.04.0,12
977,8,7,20354.369999999995,5,2,2,5,1,2,5.01.02.0,8
978,3,13,32330.04,5,5,5,5,5,5,5.05.05.0,15
979,12,15,26763.04,4,5,4,4,5,4,4.05.04.0,13
980,28,8,16030.759999999998,3,2,1,3,2,1,3.02.01.0,6
981,34,8,16475.52,2,2,1,2,2,1,2.02.01.0,5
982,17,13,22198.46,4,5,3,4,5,3,4.05.03.0,12
983,102,8,18897.08,1,2,2,1,2,2,1.02.02.0,5
984,9,6,18713.93,4,1,2,4,1,2,4.01.02.0,7
985,15,10,24785.45,4,3,3,4,3,3,4.03.03.0,10
986,49,6,11850.960000000001,2,1,1,2,1,1,2.01.01.0,4
987,27,10,32981.89,3,3,5,3,3,5,3.03.05.0,11
988,24,9,31245.120000000003,3,3,4,3,2,4,3.02.04.0,9
989,15,6,16397.2,4,1,1,4,1,1,4.01.01.0,6
990,23,7,25659.13,3,2,3,3,1,3,3.01.03.0,7
991,86,9,20921.149999999998,1,3,2,1,2,2,1.02.02.0,5
992,3,15,35107.43000000001,5,5,5,5,5,5,5.05.05.0,15
993,35,10,27263.370000000003,2,3,4,2,3,4,2.03.04.0,9
994,29,8,16896.850000000002,3,2,1,3,2,1,3.02.01.0,6
995,13,10,22951.679999999997,4,3,3,4,3,3,4.03.03.0,10
996,2,11,25551.19,5,4,3,5,3,3,5.03.03.0,11
997,3,6,16858.739999999998,5,1,1,5,1,1,5.01.01.0,7
998,71,7,14927.320000000002,1,2,1,1,1,1,1.01.01.0,3
999,16,10,24120.010000000002,4,3,3,4,3,3,4.03.03.0,10
1000,30,15,34313.439999999995,3,5,5,3,5,5,3.05.05.0,13
