customer_id_int,Recency,Frequency,Monetary,recency_score,frequency_score,monetary_score,R,F,M,RFM_Segment,RFM_Score,target,probability
1,48,10,14692.31,2,3,1,2,3,1,2.03.01.0,6,0,0.0
2,7,12,30247.140000000003,5,4,4,5,4,4,5.04.04.0,13,1,1.0
3,137,7,21466.88,1,1,2,1,1,2,1.01.02.0,4,0,0.0
4,6,17,42961.48,5,5,5,5,5,5,5.05.05.0,15,1,1.0
5,34,9,24022.56,2,2,3,2,2,3,2.02.03.0,7,0,0.0
6,37,15,38912.90000000001,2,5,5,2,5,5,2.05.05.0,12,1,1.0
7,92,7,16068.2,1,1,1,1,1,1,1.01.01.0,3,0,0.0
8,70,12,34515.36,1,4,5,1,4,5,1.04.05.0,10,1,0.93
9,77,12,30001.41,1,4,4,1,4,4,1.04.04.0,9,0,0.05
10,22,8,19354.87,3,2,2,3,2,2,3.02.02.0,7,0,0.0
11,6,11,30688.64,5,3,4,5,3,4,5.03.04.0,12,1,1.0
12,62,9,25324.74,1,2,3,1,2,3,1.02.03.0,6,0,0.0
13,22,8,25637.51,3,2,3,3,2,3,3.02.03.0,8,0,0.0
14,43,8,24660.23,2,2,3,2,2,3,2.02.03.0,7,0,0.0
15,11,8,24643.32,4,2,3,4,2,3,4.02.03.0,9,0,0.01
16,16,9,18602.39,4,2,2,4,2,2,4.02.02.0,8,0,0.0
17,35,11,23548.61,2,3,3,2,3,3,2.03.03.0,8,0,0.0
18,2,15,43707.75,5,5,5,5,5,5,5.05.05.0,15,1,1.0
19,13,13,28680.48,4,5,4,4,5,4,4.05.04.0,13,1,1.0
20,5,16,39697.92,5,5,5,5,5,5,5.05.05.0,15,1,1.0
21,42,13,29460.860000000004,2,5,4,2,5,4,2.05.04.0,11,1,1.0
22,80,9,18425.12,1,2,2,1,2,2,1.02.02.0,5,0,0.0
23,90,10,27791.3,1,3,4,1,3,4,1.03.04.0,8,0,0.0
24,1,9,28690.710000000003,5,2,4,5,2,4,5.02.04.0,11,1,1.0
25,9,6,12554.759999999998,4,1,1,4,1,1,4.01.01.0,6,0,0.0
26,27,13,27706.71,3,5,4,3,5,4,3.05.04.0,12,1,1.0
27,10,5,13403.45,4,1,1,4,1,1,4.01.01.0,6,0,0.0
28,7,9,12415.81,5,2,1,5,2,1,5.02.01.0,8,0,0.0
29,37,10,20991.460000000003,2,3,2,2,3,2,2.03.02.0,7,0,0.0
30,92,9,28144.49,1,2,4,1,2,4,1.02.04.0,7,0,0.0
31,62,15,49637.880000000005,1,5,5,1,5,5,1.05.05.0,11,1,1.0
32,20,12,34054.57,3,4,5,3,4,5,3.04.05.0,12,1,1.0
33,24,10,23361.27,3,3,3,3,3,3,3.03.03.0,9,0,0.02
34,5,7,13515.61,5,1,1,5,1,1,5.01.01.0,7,0,0.0
35,25,8,17204.370000000003,3,2,1,3,2,1,3.02.01.0,6,0,0.0
36,23,12,37020.6,3,4,5,3,4,5,3.04.05.0,12,1,1.0
37,20,12,36526.53,3,4,5,3,4,5,3.04.05.0,12,1,1.0
38,38,10,25943.18,2,3,3,2,3,3,2.03.03.0,8,0,0.0
39,1,6,20819.300000000003,5,1,2,5,1,2,5.01.02.0,8,0,0.0
40,22,10,20842.41,3,3,2,3,3,2,3.03.02.0,8,0,0.0
41,60,13,32591.580000000005,1,5,5,1,5,5,1.05.05.0,11,1,1.0
42,50,11,32056.84,2,3,4,2,3,4,2.03.04.0,9,0,0.3
43,15,11,34648.53,4,3,5,4,3,5,4.03.05.0,12,1,1.0
44,77,11,25637.92,1,3,3,1,3,3,1.03.03.0,7,0,0.0
45,29,14,31608.520000000004,3,5,4,3,5,4,3.05.04.0,12,1,1.0
46,31,11,27240.02,3,3,4,3,3,4,3.03.04.0,10,1,0.99
47,16,9,18211.96,4,2,2,4,2,2,4.02.02.0,8,0,0.0
48,2,9,26432.11,5,2,4,5,2,4,5.02.04.0,11,1,1.0
49,63,8,18979.47,1,2,2,1,2,2,1.02.02.0,5,0,0.0
50,166,9,22418.06,1,2,3,1,2,3,1.02.03.0,6,0,0.0
51,15,12,29794.58,4,4,4,4,4,4,4.04.04.0,12,1,1.0
52,120,3,7729.67,1,1,1,1,1,1,1.01.01.0,3,0,0.0
53,41,5,14792.85,2,1,1,2,1,1,2.01.01.0,4,0,0.0
54,58,5,14937.44,2,1,1,2,1,1,2.01.01.0,4,0,0.0
55,9,9,12582.09,4,2,1,4,2,1,4.02.01.0,7,0,0.0
56,100,1,451.58,1,1,1,1,1,1,1.01.01.0,3,0,0.0
57,11,13,28527.180000000004,4,5,4,4,5,4,4.05.04.0,13,1,1.0
58,29,8,16532.329999999998,3,2,1,3,2,1,3.02.01.0,6,0,0.0
59,19,14,33308.66,3,5,5,3,5,5,3.05.05.0,13,1,1.0
60,68,11,35279.67,1,3,5,1,3,5,1.03.05.0,9,0,0.3
61,12,8,21112.6,4,2,2,4,2,2,4.02.02.0,8,0,0.0
62,64,9,25397.24,1,2,3,1,2,3,1.02.03.0,6,0,0.0
63,24,9,19502.590000000004,3,2,2,3,2,2,3.02.02.0,7,0,0.0
64,15,14,42066.37,4,5,5,4,5,5,4.05.05.0,14,1,1.0
65,107,9,24461.779999999995,1,2,3,1,2,3,1.02.03.0,6,0,0.0
66,69,6,17453.84,1,1,2,1,1,2,1.01.02.0,4,0,0.0
67,69,9,23883.62,1,2,3,1,2,3,1.02.03.0,6,0,0.0
68,8,11,22647.95,5,3,3,5,3,3,5.03.03.0,11,1,1.0
69,85,12,31886.4,1,4,4,1,4,4,1.04.04.0,9,0,0.05
70,48,8,20674.4,2,2,2,2,2,2,2.02.02.0,6,0,0.0
71,33,9,18515.86,3,2,2,3,2,2,3.02.02.0,7,0,0.0
72,20,10,27642.92,3,3,4,3,3,4,3.03.04.0,10,1,0.86
73,31,11,31121.54,3,3,4,3,3,4,3.03.04.0,10,1,0.99
74,15,16,31946.49,4,5,4,4,5,4,4.05.04.0,13,1,1.0
75,37,10,24950.520000000004,2,3,3,2,3,3,2.03.03.0,8,0,0.0
76,12,12,31571.22,4,4,4,4,4,4,4.04.04.0,12,1,1.0
77,18,12,36154.11,4,4,5,4,4,5,4.04.05.0,13,1,1.0
78,66,11,28883.76,1,3,4,1,3,4,1.03.04.0,8,0,0.0
79,34,11,22166.94,2,3,3,2,3,3,2.03.03.0,8,0,0.0
80,38,9,23235.86,2,2,3,2,2,3,2.02.03.0,7,0,0.0
81,60,13,31920.620000000003,1,5,4,1,5,4,1.05.04.0,10,1,0.71
82,97,4,12194.71,1,1,1,1,1,1,1.01.01.0,3,0,0.0
83,7,11,36943.630000000005,5,3,5,5,3,5,5.03.05.0,13,1,1.0
84,90,6,15563.74,1,1,1,1,1,1,1.01.01.0,3,0,0.0
85,8,13,35068.31,5,5,5,5,5,5,5.05.05.0,15,1,1.0
86,10,19,45396.33,4,5,5,4,5,5,4.05.05.0,14,1,1.0
87,45,9,16586.58,2,2,1,2,2,1,2.02.01.0,5,0,0.0
88,8,9,21949.4,5,2,3,5,2,3,5.02.03.0,10,1,0.96
89,1,7,18496.43,5,1,2,5,1,2,5.01.02.0,8,0,0.0
90,13,8,28605.620000000003,4,2,4,4,2,4,4.02.04.0,10,1,0.7
91,13,7,21251.92,4,1,2,4,1,2,4.01.02.0,7,0,0.0
92,1,12,26842.69,5,4,4,5,4,4,5.04.04.0,13,1,1.0
93,5,12,29662.7,5,4,4,5,4,4,5.04.04.0,13,1,1.0
94,10,7,27327.29,4,1,4,4,1,4,4.01.04.0,9,0,0.06
95,11,10,19868.9,4,3,2,4,3,2,4.03.02.0,9,0,0.02
96,6,16,43851.48,5,5,5,5,5,5,5.05.05.0,15,1,1.0
97,10,17,50260.97,4,5,5,4,5,5,4.05.05.0,14,1,1.0
98,24,11,26176.15,3,3,3,3,3,3,3.03.03.0,9,0,0.29
99,15,8,22362.38,4,2,3,4,2,3,4.02.03.0,9,0,0.01
100,91,6,11238.91,1,1,1,1,1,1,1.01.01.0,3,0,0.0
101,31,11,35186.91,3,3,5,3,3,5,3.03.05.0,11,1,1.0
102,34,11,22617.03,2,3,3,2,3,3,2.03.03.0,8,0,0.0
103,31,12,28063.860000000004,3,4,4,3,4,4,3.04.04.0,11,1,1.0
104,5,10,22037.890000000003,5,3,3,5,3,3,5.03.03.0,11,1,1.0
105,1,12,19331.44,5,4,2,5,4,2,5.04.02.0,11,1,1.0
106,79,6,19414.31,1,1,2,1,1,2,1.01.02.0,4,0,0.0
107,110,7,19907.46,1,1,2,1,1,2,1.01.02.0,4,0,0.0
108,13,12,37739.23,4,4,5,4,4,5,4.04.05.0,13,1,1.0
109,36,14,35737.58,2,5,5,2,5,5,2.05.05.0,12,1,1.0
110,40,4,4253.36,2,1,1,2,1,1,2.01.01.0,4,0,0.0
111,24,11,20761.41,3,3,2,3,3,2,3.03.02.0,8,0,0.0
112,66,5,13233.16,1,1,1,1,1,1,1.01.01.0,3,0,0.0
113,101,7,18821.1,1,1,2,1,1,2,1.01.02.0,4,0,0.0
114,40,10,21190.15,2,3,2,2,3,2,2.03.02.0,7,0,0.0
115,14,4,8377.359999999999,4,1,1,4,1,1,4.01.01.0,6,0,0.0
116,6,15,31187.87,5,5,4,5,5,4,5.05.04.0,14,1,1.0
117,16,9,28997.79,4,2,4,4,2,4,4.02.04.0,10,1,0.97
118,22,11,33546.340000000004,3,3,5,3,3,5,3.03.05.0,11,1,1.0
119,14,11,26309.120000000003,4,3,3,4,3,3,4.03.03.0,10,1,0.99
120,2,10,24712.2,5,3,3,5,3,3,5.03.03.0,11,1,1.0
121,42,9,22805.64,2,2,3,2,2,3,2.02.03.0,7,0,0.0
122,16,8,21062.29,4,2,2,4,2,2,4.02.02.0,8,0,0.0
123,208,4,17327.93,1,1,2,1,1,2,1.01.02.0,4,0,0.0
124,91,7,15041.03,1,1,1,1,1,1,1.01.01.0,3,0,0.0
125,10,11,23822.15,4,3,3,4,3,3,4.03.03.0,10,1,0.99
126,34,4,9532.679999999998,2,1,1,2,1,1,2.01.01.0,4,0,0.0
127,63,11,26366.09,1,3,4,1,3,4,1.03.04.0,8,0,0.0
128,13,12,29061.68,4,4,4,4,4,4,4.04.04.0,12,1,1.0
129,66,6,22738.88,1,1,3,1,1,3,1.01.03.0,5,0,0.0
130,13,8,23365.6,4,2,3,4,2,3,4.02.03.0,9,0,0.01
131,85,10,22583.38,1,3,3,1,3,3,1.03.03.0,7,0,0.0
132,62,13,37625.73,1,5,5,1,5,5,1.05.05.0,11,1,1.0
133,38,9,17283.6,2,2,2,2,2,2,2.02.02.0,6,0,0.0
134,50,12,31312.73,2,4,4,2,4,4,2.04.04.0,10,1,0.94
135,24,6,14530.87,3,1,1,3,1,1,3.01.01.0,5,0,0.0
136,64,12,33390.56,1,4,5,1,4,5,1.04.05.0,10,1,0.94
137,5,6,19676.24,5,1,2,5,1,2,5.01.02.0,8,0,0.0
138,172,6,14667.56,1,1,1,1,1,1,1.01.01.0,3,0,0.0
139,72,7,18145.07,1,1,2,1,1,2,1.01.02.0,4,0,0.0
140,11,15,40974.41,4,5,5,4,5,5,4.05.05.0,14,1,1.0
141,20,15,34083.100000000006,3,5,5,3,5,5,3.05.05.0,13,1,1.0
142,16,5,11893.67,4,1,1,4,1,1,4.01.01.0,6,0,0.0
143,60,9,21279.1,1,2,2,1,2,2,1.02.02.0,5,0,0.0
144,43,9,21625.08,2,2,2,2,2,2,2.02.02.0,6,0,0.0
145,73,11,23551.210000000003,1,4,3,1,3,3,1.03.03.0,7,0,0.0
146,33,7,10688.320000000002,3,1,1,3,1,1,3.01.01.0,5,0,0.0
147,83,9,25674.070000000003,1,2,3,1,2,3,1.02.03.0,6,0,0.0
148,1,8,14861.740000000002,5,2,1,5,2,1,5.02.01.0,8,0,0.0
149,35,17,34916.02,2,5,5,2,5,5,2.05.05.0,12,1,1.0
150,26,7,17085.56,3,1,1,3,1,1,3.01.01.0,5,0,0.0
151,17,9,24870.300000000003,4,2,3,4,2,3,4.02.03.0,9,0,0.12
152,8,8,14394.98,5,2,1,5,2,1,5.02.01.0,8,0,0.0
153,57,6,15566.95,2,1,1,2,1,1,2.01.01.0,4,0,0.0
154,91,12,27866.03,1,4,4,1,4,4,1.04.04.0,9,0,0.03
155,60,8,14512.58,1,2,1,1,2,1,1.02.01.0,4,0,0.0
156,58,11,29204.54,2,4,4,2,3,4,2.03.04.0,9,0,0.42
157,11,9,22394.32,4,2,3,4,2,3,4.02.03.0,9,0,0.11
158,26,10,19893.730000000003,3,3,2,3,3,2,3.03.02.0,8,0,0.0
159,48,6,12517.86,2,1,1,2,1,1,2.01.01.0,4,0,0.0
160,74,6,14492.18,1,1,1,1,1,1,1.01.01.0,3,0,0.0
161,8,9,21982.3,5,2,3,5,2,3,5.02.03.0,10,1,0.96
162,8,9,23008.92,5,2,3,5,2,3,5.02.03.0,10,1,0.96
163,75,6,18405.96,1,1,2,1,1,2,1.01.02.0,4,0,0.0
164,59,9,22284.23,1,2,3,1,2,3,1.02.03.0,6,0,0.0
165,19,10,20972.36,3,3,2,3,3,2,3.03.02.0,8,0,0.0
166,118,6,23021.09,1,1,3,1,1,3,1.01.03.0,5,0,0.0
167,48,15,41047.76,2,5,5,2,5,5,2.05.05.0,12,1,1.0
168,8,11,34120.75,5,4,5,5,3,5,5.03.05.0,13,1,1.0
169,11,14,39038.78999999999,4,5,5,4,5,5,4.05.05.0,14,1,1.0
170,67,9,28425.43,1,2,4,1,2,4,1.02.04.0,7,0,0.0
171,32,10,20619.13,3,3,2,3,3,2,3.03.02.0,8,0,0.0
172,68,9,16599.39,1,2,1,1,2,1,1.02.01.0,4,0,0.0
173,14,10,28967.72,4,3,4,4,3,4,4.03.04.0,11,1,1.0
174,45,11,32917.55,2,4,5,2,3,5,2.03.05.0,10,1,1.0
175,45,7,21268.370000000003,2,1,2,2,1,2,2.01.02.0,5,0,0.0
176,13,10,20641.27,4,3,2,4,3,2,4.03.02.0,9,0,0.02
177,29,11,32205.13,3,4,4,3,3,4,3.03.04.0,10,1,1.0
178,26,13,32501.17,3,5,5,3,5,5,3.05.05.0,13,1,1.0
179,8,11,21761.390000000003,5,4,2,5,3,2,5.03.02.0,10,1,0.99
180,47,7,22698.53,2,1,3,2,1,3,2.01.03.0,6,0,0.0
181,33,14,29418.699999999997,3,5,4,3,5,4,3.05.04.0,12,1,1.0
182,99,12,30378.49,1,4,4,1,4,4,1.04.04.0,9,0,0.03
183,43,11,38969.14,2,4,5,2,3,5,2.03.05.0,10,1,1.0
184,13,10,27554.45,4,3,4,4,3,4,4.03.04.0,11,1,1.0
185,18,9,25625.370000000003,4,2,3,4,2,3,4.02.03.0,9,0,0.13
186,35,11,26116.98,2,4,3,2,3,3,2.03.03.0,8,0,0.0
187,57,11,20736.72,2,4,2,2,3,2,2.03.02.0,7,0,0.0
188,73,8,18369.03,1,2,2,1,2,2,1.02.02.0,5,0,0.0
189,26,13,24342.200000000004,3,5,3,3,5,3,3.05.03.0,11,1,1.0
190,111,7,19284.65,1,1,2,1,1,2,1.01.02.0,4,0,0.0
191,2,12,31482.09,5,4,4,5,4,4,5.04.04.0,13,1,1.0
192,98,8,15809.07,1,2,1,1,2,1,1.02.01.0,4,0,0.0
193,20,12,25659.84,3,4,3,3,4,3,3.04.03.0,10,1,0.94
194,13,12,30868.94,4,4,4,4,4,4,4.04.04.0,12,1,1.0
195,7,12,28897.64,5,4,4,5,4,4,5.04.04.0,13,1,1.0
196,17,12,27992.93,4,4,4,4,4,4,4.04.04.0,12,1,1.0
197,6,14,34496.9,5,5,5,5,5,5,5.05.05.0,15,1,1.0
198,22,13,23418.289999999997,3,5,3,3,5,3,3.05.03.0,11,1,1.0
199,99,8,20796.07,1,2,2,1,2,2,1.02.02.0,5,0,0.0
200,7,8,24996.120000000003,5,2,3,5,2,3,5.02.03.0,10,1,0.66
201,13,14,29234.49,4,5,4,4,5,4,4.05.04.0,13,1,1.0
202,26,17,45142.49,3,5,5,3,5,5,3.05.05.0,13,1,1.0
203,1,9,15551.2,5,2,1,5,2,1,5.02.01.0,8,0,0.0
204,57,8,19612.0,2,2,2,2,2,2,2.02.02.0,6,0,0.0
205,51,6,14992.8,2,1,1,2,1,1,2.01.01.0,4,0,0.0
206,20,11,21526.61,3,4,2,3,3,2,3.03.02.0,8,0,0.0
207,52,10,18598.28,2,3,2,2,3,2,2.03.02.0,7,0,0.0
208,5,12,29749.6,5,4,4,5,4,4,5.04.04.0,13,1,1.0
209,2,7,19461.46,5,1,2,5,1,2,5.01.02.0,8,0,0.0
210,37,11,28713.78,2,4,4,2,3,4,2.03.04.0,9,0,0.48
211,62,6,11045.78,1,1,1,1,1,1,1.01.01.0,3,0,0.0
212,19,14,36354.23,3,5,5,3,5,5,3.05.05.0,13,1,1.0
213,29,10,26086.24,3,3,3,3,3,3,3.03.03.0,9,0,0.02
214,63,16,40377.7,1,5,5,1,5,5,1.05.05.0,11,1,1.0
215,15,10,27272.71,4,3,4,4,3,4,4.03.04.0,11,1,1.0
216,46,17,43720.810000000005,2,5,5,2,5,5,2.05.05.0,12,1,1.0
217,42,6,8207.75,2,1,1,2,1,1,2.01.01.0,4,0,0.0
218,7,10,25560.800000000003,5,3,3,5,3,3,5.03.03.0,11,1,1.0
219,90,5,13307.95,1,1,1,1,1,1,1.01.01.0,3,0,0.0
220,3,10,26568.950000000004,5,3,4,5,3,4,5.03.04.0,12,1,1.0
221,10,4,8370.89,4,1,1,4,1,1,4.01.01.0,6,0,0.0
222,7,9,18498.35,5,2,2,5,2,2,5.02.02.0,9,0,0.09
223,40,12,25873.68,2,4,3,2,4,3,2.04.03.0,9,0,0.06
224,6,4,8368.86,5,1,1,5,1,1,5.01.01.0,7,0,0.0
225,23,9,26152.81,3,2,3,3,2,3,3.02.03.0,8,0,0.0
226,5,17,40004.23,5,5,5,5,5,5,5.05.05.0,15,1,1.0
227,101,8,24377.99,1,2,3,1,2,3,1.02.03.0,6,0,0.0
228,18,12,30368.49,4,4,4,4,4,4,4.04.04.0,12,1,1.0
229,5,15,53896.740000000005,5,5,5,5,5,5,5.05.05.0,15,1,1.0
230,63,7,18904.03,1,1,2,1,1,2,1.01.02.0,4,0,0.0
231,84,7,9979.55,1,1,1,1,1,1,1.01.01.0,3,0,0.0
232,19,10,18253.07,3,3,2,3,3,2,3.03.02.0,8,0,0.0
233,33,9,27276.46,3,2,4,3,2,4,3.02.04.0,9,0,0.12
234,39,12,32106.95,2,4,4,2,4,4,2.04.04.0,10,1,0.95
235,4,13,31518.840000000004,5,5,4,5,5,4,5.05.04.0,14,1,1.0
236,19,17,36469.2,3,5,5,3,5,5,3.05.05.0,13,1,1.0
237,18,7,17941.67,4,1,2,4,1,2,4.01.02.0,7,0,0.0
238,9,7,17190.38,4,1,1,4,1,1,4.01.01.0,6,0,0.0
239,16,12,28124.3,4,4,4,4,4,4,4.04.04.0,12,1,1.0
240,3,11,30619.18,5,4,4,5,3,4,5.03.04.0,12,1,1.0
241,15,12,27977.85000000001,4,4,4,4,4,4,4.04.04.0,12,1,1.0
242,36,12,31664.52,2,4,4,2,4,4,2.04.04.0,10,1,0.95
243,29,4,14868.15,3,1,1,3,1,1,3.01.01.0,5,0,0.0
244,1,11,20673.89,5,4,2,5,3,2,5.03.02.0,10,1,0.99
245,35,11,23180.570000000003,2,4,3,2,3,3,2.03.03.0,8,0,0.0
246,53,10,28202.78,2,3,4,2,3,4,2.03.04.0,9,0,0.02
247,11,10,22438.120000000003,4,3,3,4,3,3,4.03.03.0,10,1,0.82
248,12,12,28621.51,4,4,4,4,4,4,4.04.04.0,12,1,1.0
249,55,6,6648.250000000001,2,1,1,2,1,1,2.01.01.0,4,0,0.0
250,10,8,16969.89,4,2,1,4,2,1,4.02.01.0,7,0,0.0
251,22,14,34075.31,3,5,5,3,5,5,3.05.05.0,13,1,1.0
252,1,10,30798.21,5,3,4,5,3,4,5.03.04.0,12,1,1.0
253,37,15,43687.13999999999,2,5,5,2,5,5,2.05.05.0,12,1,1.0
254,10,16,36407.8,4,5,5,4,5,5,4.05.05.0,14,1,1.0
255,16,10,15695.19,4,3,1,4,3,1,4.03.01.0,8,0,0.0
256,2,12,25569.860000000004,5,4,3,5,4,3,5.04.03.0,12,1,1.0
257,14,5,16193.85,4,1,1,4,1,1,4.01.01.0,6,0,0.0
258,98,9,24216.54,1,2,3,1,2,3,1.02.03.0,6,0,0.0
259,30,17,48939.1,3,5,5,3,5,5,3.05.05.0,13,1,1.0
260,18,10,21226.62,4,3,2,4,3,2,4.03.02.0,9,0,0.02
261,5,10,26601.29,5,3,4,5,3,4,5.03.04.0,12,1,1.0
262,28,10,27917.2,3,3,4,3,3,4,3.03.04.0,10,1,0.84
263,39,5,13258.6,2,1,1,2,1,1,2.01.01.0,4,0,0.0
264,69,7,16874.760000000002,1,1,1,1,1,1,1.01.01.0,3,0,0.0
265,42,7,17418.9,2,1,2,2,1,2,2.01.02.0,5,0,0.0
266,18,12,33056.53,4,4,5,4,4,5,4.04.05.0,13,1,1.0
267,29,11,31459.13,3,4,4,3,3,4,3.03.04.0,10,1,1.0
268,118,9,17730.86,1,2,2,1,2,2,1.02.02.0,5,0,0.0
269,63,11,21069.7,1,4,2,1,3,2,1.03.02.0,6,0,0.0
270,11,8,21581.78,4,2,2,4,2,2,4.02.02.0,8,0,0.0
271,16,12,29679.75,4,4,4,4,4,4,4.04.04.0,12,1,1.0
272,36,7,20947.95,2,1,2,2,1,2,2.01.02.0,5,0,0.0
273,19,8,18615.63,3,2,2,3,2,2,3.02.02.0,7,0,0.0
274,63,10,27656.87,1,3,4,1,3,4,1.03.04.0,8,0,0.0
275,35,16,38418.79,2,5,5,2,5,5,2.05.05.0,12,1,1.0
276,64,9,22356.35,1,2,3,1,2,3,1.02.03.0,6,0,0.0
277,32,9,16644.489999999998,3,2,1,3,2,1,3.02.01.0,6,0,0.0
278,69,9,27028.19,1,2,4,1,2,4,1.02.04.0,7,0,0.0
279,24,8,15923.32,3,2,1,3,2,1,3.02.01.0,6,0,0.0
280,28,9,26134.04,3,2,3,3,2,3,3.02.03.0,8,0,0.0
281,26,10,22069.15,3,3,3,3,3,3,3.03.03.0,9,0,0.02
282,14,12,25935.78,4,4,3,4,4,3,4.04.03.0,11,1,1.0
283,17,13,29327.960000000003,4,5,4,4,5,4,4.05.04.0,13,1,1.0
284,37,6,9892.37,2,1,1,2,1,1,2.01.01.0,4,0,0.0
285,3,13,25631.369999999995,5,5,3,5,5,3,5.05.03.0,13,1,1.0
286,109,10,30724.509999999995,1,3,4,1,3,4,1.03.04.0,8,0,0.0
287,54,4,10359.91,2,1,1,2,1,1,2.01.01.0,4,0,0.0
288,6,7,11293.55,5,1,1,5,1,1,5.01.01.0,7,0,0.0
289,28,7,17895.58,3,1,2,3,1,2,3.01.02.0,6,0,0.0
290,25,11,32276.25,3,4,5,3,3,5,3.03.05.0,11,1,1.0
291,44,7,14717.92,2,1,1,2,1,1,2.01.01.0,4,0,0.0
292,7,8,22624.41,5,2,3,5,2,3,5.02.03.0,10,1,0.62
293,16,8,16266.97,4,2,1,4,2,1,4.02.01.0,7,0,0.0
294,53,8,16178.08,2,2,1,2,2,1,2.02.01.0,5,0,0.0
295,40,7,13976.0,2,1,1,2,1,1,2.01.01.0,4,0,0.0
296,42,13,23386.969999999998,2,5,3,2,5,3,2.05.03.0,10,1,0.64
297,56,7,23653.21,2,1,3,2,1,3,2.01.03.0,6,0,0.0
298,21,8,15735.84,3,2,1,3,2,1,3.02.01.0,6,0,0.0
299,113,10,18367.4,1,3,2,1,3,2,1.03.02.0,6,0,0.0
300,1,19,48671.27999999999,5,5,5,5,5,5,5.05.05.0,15,1,1.0
301,8,7,17178.04,5,1,1,5,1,1,5.01.01.0,7,0,0.0
302,7,11,30706.92,5,4,4,5,3,4,5.03.04.0,12,1,1.0
303,33,6,19407.5,3,1,2,3,1,2,3.01.02.0,6,0,0.0
304,6,13,29662.33,5,5,4,5,5,4,5.05.04.0,14,1,1.0
305,46,3,1026.7,2,1,1,2,1,1,2.01.01.0,4,0,0.0
306,40,9,25306.08,2,2,3,2,2,3,2.02.03.0,7,0,0.0
307,81,12,25226.95,1,4,3,1,4,3,1.04.03.0,8,0,0.0
308,34,11,23977.56,2,4,3,2,3,3,2.03.03.0,8,0,0.0
309,12,10,22293.960000000003,4,3,3,4,3,3,4.03.03.0,10,1,0.82
310,68,11,27951.33,1,4,4,1,3,4,1.03.04.0,8,0,0.0
311,18,10,17489.8,4,3,2,4,3,2,4.03.02.0,9,0,0.01
312,28,15,36840.05,3,5,5,3,5,5,3.05.05.0,13,1,1.0
313,72,8,19557.2,1,2,2,1,2,2,1.02.02.0,5,0,0.0
314,14,11,27147.750000000004,4,4,4,4,3,4,4.03.04.0,11,1,1.0
315,41,7,14453.78,2,1,1,2,1,1,2.01.01.0,4,0,0.0
316,34,11,24724.59,2,4,3,2,3,3,2.03.03.0,8,0,0.0
317,4,10,26133.13,5,3,3,5,3,3,5.03.03.0,11,1,1.0
318,26,4,11742.36,3,1,1,3,1,1,3.01.01.0,5,0,0.0
319,94,7,19416.76,1,1,2,1,1,2,1.01.02.0,4,0,0.0
320,30,12,36636.21,3,4,5,3,4,5,3.04.05.0,12,1,1.0
321,42,8,20936.21,2,2,2,2,2,2,2.02.02.0,6,0,0.0
322,12,8,18409.54,4,2,2,4,2,2,4.02.02.0,8,0,0.0
323,19,8,23533.68,3,2,3,3,2,3,3.02.03.0,8,0,0.0
324,2,12,32049.22,5,4,4,5,4,4,5.04.04.0,13,1,1.0
325,6,12,29417.560000000005,5,4,4,5,4,4,5.04.04.0,13,1,1.0
326,3,11,29873.65,5,4,4,5,3,4,5.03.04.0,12,1,1.0
327,260,7,11017.68,1,1,1,1,1,1,1.01.01.0,3,0,0.0
328,4,12,29310.75,5,4,4,5,4,4,5.04.04.0,13,1,1.0
329,32,11,20853.1,3,4,2,3,3,2,3.03.02.0,8,0,0.0
330,72,5,10773.25,1,1,1,1,1,1,1.01.01.0,3,0,0.0
331,19,14,30741.71,3,5,4,3,5,4,3.05.04.0,12,1,1.0
332,16,9,16036.74,4,2,1,4,2,1,4.02.01.0,7,0,0.0
333,31,15,46610.34,3,5,5,3,5,5,3.05.05.0,13,1,1.0
334,15,9,31923.19,4,2,4,4,2,4,4.02.04.0,10,1,0.98
335,30,24,48247.22,3,5,5,3,5,5,3.05.05.0,13,1,1.0
336,18,11,22549.230000000003,4,4,3,4,3,3,4.03.03.0,10,1,0.99
337,31,8,17721.61,3,2,2,3,2,2,3.02.02.0,7,0,0.0
338,52,4,6482.37,2,1,1,2,1,1,2.01.01.0,4,0,0.0
339,45,11,27722.54,2,4,4,2,3,4,2.03.04.0,9,0,0.44
340,15,16,45208.37,4,5,5,4,5,5,4.05.05.0,14,1,1.0
341,5,8,15393.9,5,2,1,5,2,1,5.02.01.0,8,0,0.0
342,78,10,32183.820000000003,1,3,4,1,3,4,1.03.04.0,8,0,0.0
343,5,10,22703.14,5,3,3,5,3,3,5.03.03.0,11,1,1.0
344,6,11,19849.38,5,4,2,5,3,2,5.03.02.0,10,1,0.99
345,23,15,44743.47,3,5,5,3,5,5,3.05.05.0,13,1,1.0
346,9,8,16348.309999999998,4,2,1,4,2,1,4.02.01.0,7,0,0.0
347,43,7,11519.61,2,1,1,2,1,1,2.01.01.0,4,0,0.0
348,11,8,19579.39,4,2,2,4,2,2,4.02.02.0,8,0,0.0
349,71,6,15456.62,1,1,1,1,1,1,1.01.01.0,3,0,0.0
350,16,7,20968.16,4,1,2,4,1,2,4.01.02.0,7,0,0.0
351,11,13,35508.43,4,5,5,4,5,5,4.05.05.0,14,1,1.0
352,49,6,12027.62,2,1,1,2,1,1,2.01.01.0,4,0,0.0
353,3,13,34036.3,5,5,5,5,5,5,5.05.05.0,15,1,1.0
354,17,12,38006.62,4,4,5,4,4,5,4.04.05.0,13,1,1.0
355,6,10,26201.5,5,3,3,5,3,3,5.03.03.0,11,1,1.0
356,17,13,30005.02,4,5,4,4,5,4,4.05.04.0,13,1,1.0
357,12,4,13841.2,4,1,1,4,1,1,4.01.01.0,6,0,0.0
358,103,9,19013.6,1,2,2,1,2,2,1.02.02.0,5,0,0.0
359,44,11,39804.71,2,4,5,2,3,5,2.03.05.0,10,1,1.0
360,39,15,33346.310000000005,2,5,5,2,5,5,2.05.05.0,12,1,1.0
361,18,11,27912.76,4,4,4,4,3,4,4.03.04.0,11,1,1.0
362,143,7,20524.97,1,1,2,1,1,2,1.01.02.0,4,0,0.0
363,133,8,21687.91,1,2,2,1,2,2,1.02.02.0,5,0,0.0
364,45,10,18554.93,2,3,2,2,3,2,2.03.02.0,7,0,0.0
365,15,6,15154.37,4,1,1,4,1,1,4.01.01.0,6,0,0.0
366,8,9,25060.91,5,2,3,5,2,3,5.02.03.0,10,1,0.97
367,14,10,23582.77,4,3,3,4,3,3,4.03.03.0,10,1,0.83
368,14,11,26246.69,4,4,3,4,3,3,4.03.03.0,10,1,1.0
369,5,11,23773.65,5,4,3,5,3,3,5.03.03.0,11,1,1.0
370,115,5,14250.28,1,1,1,1,1,1,1.01.01.0,3,0,0.0
371,20,10,30901.72,3,3,4,3,3,4,3.03.04.0,10,1,0.88
372,2,9,22517.35,5,2,3,5,2,3,5.02.03.0,10,1,0.97
373,75,1,3227.12,1,1,1,1,1,1,1.01.01.0,3,0,0.0
374,10,12,38957.09,4,4,5,4,4,5,4.04.05.0,13,1,1.0
375,25,16,44162.490000000005,3,5,5,3,5,5,3.05.05.0,13,1,1.0
376,70,14,32126.910000000003,1,5,4,1,5,4,1.05.04.0,10,1,0.97
377,30,10,26840.65,3,3,4,3,3,4,3.03.04.0,10,1,0.83
378,20,9,19246.25,3,2,2,3,2,2,3.02.02.0,7,0,0.0
379,21,7,20272.78,3,1,2,3,1,2,3.01.02.0,6,0,0.0
380,118,6,9784.11,1,1,1,1,1,1,1.01.01.0,3,0,0.0
381,17,11,24937.47,4,4,3,4,3,3,4.03.03.0,10,1,0.99
382,17,12,25102.49,4,4,3,4,4,3,4.04.03.0,11,1,1.0
383,82,11,26244.570000000003,1,4,3,1,3,3,1.03.03.0,7,0,0.0
384,56,16,45189.630000000005,2,5,5,2,5,5,2.05.05.0,12,1,1.0
385,30,12,33486.0,3,4,5,3,4,5,3.04.05.0,12,1,1.0
386,37,8,20743.84,2,2,2,2,2,2,2.02.02.0,6,0,0.0
387,6,12,27123.57,5,4,4,5,4,4,5.04.04.0,13,1,1.0
388,53,10,14710.16,2,3,1,2,3,1,2.03.01.0,6,0,0.0
389,38,10,22087.9,2,3,3,2,3,3,2.03.03.0,8,0,0.0
390,9,14,34211.119999999995,4,5,5,4,5,5,4.05.05.0,14,1,1.0
391,35,6,14442.5,2,1,1,2,1,1,2.01.01.0,4,0,0.0
392,31,15,34280.58,3,5,5,3,5,5,3.05.05.0,13,1,1.0
393,24,15,36130.53,3,5,5,3,5,5,3.05.05.0,13,1,1.0
394,21,13,22983.79,3,5,3,3,5,3,3.05.03.0,11,1,1.0
395,33,13,32359.32,3,5,5,3,5,5,3.05.05.0,13,1,1.0
396,7,12,35572.33,5,4,5,5,4,5,5.04.05.0,14,1,1.0
397,127,5,9103.13,1,1,1,1,1,1,1.01.01.0,3,0,0.0
398,47,14,33497.37,2,5,5,2,5,5,2.05.05.0,12,1,1.0
399,13,12,30482.65,4,4,4,4,4,4,4.04.04.0,12,1,1.0
400,8,11,33680.98,5,4,5,5,3,5,5.03.05.0,13,1,1.0
401,9,13,26652.19,4,5,4,4,5,4,4.05.04.0,13,1,1.0
402,15,9,25039.18,4,2,3,4,2,3,4.02.03.0,9,0,0.13
403,56,13,34140.94,2,5,5,2,5,5,2.05.05.0,12,1,1.0
404,14,6,15215.579999999998,4,1,1,4,1,1,4.01.01.0,6,0,0.0
405,17,11,25744.58,4,4,3,4,3,3,4.03.03.0,10,1,0.99
406,60,10,16185.13,1,3,1,1,3,1,1.03.01.0,5,0,0.0
407,9,12,27431.4,4,4,4,4,4,4,4.04.04.0,12,1,1.0
408,5,12,24536.87,5,4,3,5,4,3,5.04.03.0,12,1,1.0
409,88,10,25131.27,1,3,3,1,3,3,1.03.03.0,7,0,0.0
410,64,8,14946.46,1,2,1,1,2,1,1.02.01.0,4,0,0.0
411,166,6,12268.71,1,1,1,1,1,1,1.01.01.0,3,0,0.0
412,91,7,18715.6,1,1,2,1,1,2,1.01.02.0,4,0,0.0
413,12,17,42733.93,4,5,5,4,5,5,4.05.05.0,14,1,1.0
414,7,7,18949.83,5,1,2,5,1,2,5.01.02.0,8,0,0.0
415,26,14,45299.48,3,5,5,3,5,5,3.05.05.0,13,1,1.0
416,16,12,34036.2,4,4,5,4,4,5,4.04.05.0,13,1,1.0
417,24,14,38142.95,3,5,5,3,5,5,3.05.05.0,13,1,1.0
418,3,17,46901.86,5,5,5,5,5,5,5.05.05.0,15,1,1.0
419,3,19,49874.03,5,5,5,5,5,5,5.05.05.0,15,1,1.0
420,7,14,48842.98,5,5,5,5,5,5,5.05.05.0,15,1,1.0
421,1,14,35558.41,5,5,5,5,5,5,5.05.05.0,15,1,1.0
422,30,8,17410.27,3,2,2,3,2,2,3.02.02.0,7,0,0.0
423,13,14,36218.55,4,5,5,4,5,5,4.05.05.0,14,1,1.0
424,38,12,33876.780000000006,2,4,5,2,4,5,2.04.05.0,11,1,1.0
425,77,10,21680.99,1,3,2,1,3,2,1.03.02.0,6,0,0.0
426,52,16,40218.61,2,5,5,2,5,5,2.05.05.0,12,1,1.0
427,10,14,35845.55,4,5,5,4,5,5,4.05.05.0,14,1,1.0
428,40,7,13512.83,2,1,1,2,1,1,2.01.01.0,4,0,0.0
429,75,10,17763.6,1,3,2,1,3,2,1.03.02.0,6,0,0.0
430,15,16,40795.83,4,5,5,4,5,5,4.05.05.0,14,1,1.0
431,9,4,6684.33,4,1,1,4,1,1,4.01.01.0,6,0,0.0
432,175,5,14247.170000000002,1,1,1,1,1,1,1.01.01.0,3,0,0.0
433,74,8,19878.11,1,2,2,1,2,2,1.02.02.0,5,0,0.0
434,47,9,19883.81,2,2,2,2,2,2,2.02.02.0,6,0,0.0
435,42,11,31489.12,2,4,4,2,3,4,2.03.04.0,9,0,0.51
436,21,11,30651.34,3,4,4,3,3,4,3.03.04.0,10,1,1.0
437,43,10,22460.56,2,3,3,2,3,3,2.03.03.0,8,0,0.0
438,67,7,15742.320000000002,1,1,1,1,1,1,1.01.01.0,3,0,0.0
439,9,12,24736.04,4,4,3,4,4,3,4.04.03.0,11,1,1.0
440,37,8,17300.33,2,2,2,2,2,2,2.02.02.0,6,0,0.0
441,2,8,18609.85,5,2,2,5,2,2,5.02.02.0,9,0,0.01
442,98,6,15593.27,1,1,1,1,1,1,1.01.01.0,3,0,0.0
443,96,10,25272.83,1,3,3,1,3,3,1.03.03.0,7,0,0.0
444,45,11,22911.64,2,4,3,2,3,3,2.03.03.0,8,0,0.0
445,66,8,20705.81,1,2,2,1,2,2,1.02.02.0,5,0,0.0
446,23,9,22205.620000000003,3,2,3,3,2,3,3.02.03.0,8,0,0.0
447,82,10,22906.32,1,3,3,1,3,3,1.03.03.0,7,0,0.0
448,19,15,43827.06999999999,3,5,5,3,5,5,3.05.05.0,13,1,1.0
449,5,11,32538.9,5,4,5,5,3,5,5.03.05.0,13,1,1.0
450,101,7,13223.42,1,1,1,1,1,1,1.01.01.0,3,0,0.0
451,3,16,40433.59,5,5,5,5,5,5,5.05.05.0,15,1,1.0
452,89,8,18184.47,1,2,2,1,2,2,1.02.02.0,5,0,0.0
453,138,8,17679.39,1,2,2,1,2,2,1.02.02.0,5,0,0.0
454,15,13,31277.369999999995,4,5,4,4,5,4,4.05.04.0,13,1,1.0
455,11,8,17455.1,4,2,2,4,2,2,4.02.02.0,8,0,0.0
456,62,4,12660.6,1,1,1,1,1,1,1.01.01.0,3,0,0.0
457,21,7,19704.36,3,1,2,3,1,2,3.01.02.0,6,0,0.0
458,66,6,18680.71,1,1,2,1,1,2,1.01.02.0,4,0,0.0
459,57,12,31339.939999999995,2,4,4,2,4,4,2.04.04.0,10,1,0.93
460,37,5,14465.6,2,1,1,2,1,1,2.01.01.0,4,0,0.0
461,26,11,24651.550000000003,3,4,3,3,3,3,3.03.03.0,9,0,0.45
462,12,4,9950.37,4,1,1,4,1,1,4.01.01.0,6,0,0.0
463,57,7,15693.74,2,1,1,2,1,1,2.01.01.0,4,0,0.0
464,84,7,21887.5,1,1,2,1,1,2,1.01.02.0,4,0,0.0
465,33,4,10681.0,3,1,1,3,1,1,3.01.01.0,5,0,0.0
466,47,5,9043.29,2,1,1,2,1,1,2.01.01.0,4,0,0.0
467,10,11,30934.64,4,4,4,4,3,4,4.03.04.0,11,1,1.0
468,58,12,24914.980000000007,2,4,3,2,4,3,2.04.03.0,9,0,0.04
469,4,11,26267.6,5,4,3,5,3,3,5.03.03.0,11,1,1.0
470,163,4,7897.139999999999,1,1,1,1,1,1,1.01.01.0,3,0,0.0
471,11,14,40931.18,4,5,5,4,5,5,4.05.05.0,14,1,1.0
472,54,9,24135.05,2,2,3,2,2,3,2.02.03.0,7,0,0.0
473,42,11,34864.19,2,4,5,2,3,5,2.03.05.0,10,1,1.0
474,27,10,22243.9,3,3,3,3,3,3,3.03.03.0,9,0,0.02
475,54,11,34603.94,2,4,5,2,3,5,2.03.05.0,10,1,1.0
476,141,9,21647.29,1,2,2,1,2,2,1.02.02.0,5,0,0.0
477,5,10,33440.13,5,3,5,5,3,5,5.03.05.0,13,1,1.0
478,13,10,26627.82,4,3,4,4,3,4,4.03.04.0,11,1,1.0
479,115,10,24540.56,1,3,3,1,3,3,1.03.03.0,7,0,0.0
480,57,11,25642.91,2,4,3,2,3,3,2.03.03.0,8,0,0.0
481,54,8,29064.67,2,2,4,2,2,4,2.02.04.0,8,0,0.0
482,25,8,19961.19,3,2,2,3,2,2,3.02.02.0,7,0,0.0
483,38,9,20946.01,2,2,2,2,2,2,2.02.02.0,6,0,0.0
484,4,10,36428.46,5,3,5,5,3,5,5.03.05.0,13,1,1.0
485,9,16,36616.78999999999,4,5,5,4,5,5,4.05.05.0,14,1,1.0
486,2,11,23279.62,5,4,3,5,3,3,5.03.03.0,11,1,1.0
487,10,5,15524.419999999998,4,1,1,4,1,1,4.01.01.0,6,0,0.0
488,50,11,37204.43,2,4,5,2,3,5,2.03.05.0,10,1,1.0
489,16,11,30727.51,4,4,4,4,3,4,4.03.04.0,11,1,1.0
490,8,11,27669.06,5,4,4,5,3,4,5.03.04.0,12,1,1.0
491,4,9,23790.92,5,2,3,5,2,3,5.02.03.0,10,1,0.97
492,17,8,16848.02,4,2,1,4,2,1,4.02.01.0,7,0,0.0
493,28,9,28961.960000000003,3,2,4,3,2,4,3.02.04.0,9,0,0.14
494,106,6,19272.15,1,1,2,1,1,2,1.01.02.0,4,0,0.0
495,10,12,35335.8,4,4,5,4,4,5,4.04.05.0,13,1,1.0
496,22,11,17079.85,3,4,1,3,3,1,3.03.01.0,7,0,0.0
497,10,10,23601.62,4,3,3,4,3,3,4.03.03.0,10,1,0.84
498,10,9,23125.38,4,2,3,4,2,3,4.02.03.0,9,0,0.12
499,37,9,22680.37,2,2,3,2,2,3,2.02.03.0,7,0,0.0
500,56,10,17247.76,2,3,2,2,3,2,2.03.02.0,7,0,0.0
501,107,9,21780.250000000004,1,2,2,1,2,2,1.02.02.0,5,0,0.0
502,34,9,18061.81,2,2,2,2,2,2,2.02.02.0,6,0,0.0
503,34,12,36354.79000000001,2,4,5,2,4,5,2.04.05.0,11,1,1.0
504,31,8,22292.47,3,2,3,3,2,3,3.02.03.0,8,0,0.0
505,66,7,8776.24,1,1,1,1,1,1,1.01.01.0,3,0,0.0
506,8,13,37124.66,5,5,5,5,5,5,5.05.05.0,15,1,1.0
507,10,9,28654.700000000004,4,2,4,4,2,4,4.02.04.0,10,1,0.98
508,45,14,31491.13,2,5,4,2,5,4,2.05.04.0,11,1,1.0
509,17,10,18639.77,4,3,2,4,3,2,4.03.02.0,9,0,0.02
510,67,11,28255.83,1,4,4,1,3,4,1.03.04.0,8,0,0.0
511,50,6,14064.489999999998,2,1,1,2,1,1,2.01.01.0,4,0,0.0
512,26,12,36058.97,3,4,5,3,4,5,3.04.05.0,12,1,1.0
513,27,12,32818.619999999995,3,4,5,3,4,5,3.04.05.0,12,1,1.0
514,6,12,37767.31,5,4,5,5,4,5,5.04.05.0,14,1,1.0
515,13,7,21252.59,4,1,2,4,1,2,4.01.02.0,7,0,0.0
516,21,10,22022.35,3,3,3,3,3,3,3.03.03.0,9,0,0.02
517,4,11,32017.84,5,4,4,5,3,4,5.03.04.0,12,1,1.0
518,33,10,29415.83,3,3,4,3,3,4,3.03.04.0,10,1,0.85
519,20,8,15670.41,3,2,1,3,2,1,3.02.01.0,6,0,0.0
520,12,17,49315.57000000001,4,5,5,4,5,5,4.05.05.0,14,1,1.0
521,5,13,25102.92,5,5,3,5,5,3,5.05.03.0,13,1,1.0
522,5,9,22730.84,5,2,3,5,2,3,5.02.03.0,10,1,0.97
523,15,7,15350.999999999998,4,1,1,4,1,1,4.01.01.0,6,0,0.0
524,9,11,35753.96,4,4,5,4,3,5,4.03.05.0,12,1,1.0
525,8,9,29205.0,5,2,4,5,2,4,5.02.04.0,11,1,1.0
526,7,9,32271.53,5,2,4,5,2,4,5.02.04.0,11,1,1.0
527,10,8,17977.620000000003,4,2,2,4,2,2,4.02.02.0,8,0,0.0
528,4,11,26647.98,5,4,4,5,3,4,5.03.04.0,12,1,1.0
529,7,9,23006.39,5,2,3,5,2,3,5.02.03.0,10,1,0.97
530,97,7,17327.010000000002,1,1,2,1,1,2,1.01.02.0,4,0,0.0
531,94,4,8114.94,1,1,1,1,1,1,1.01.01.0,3,0,0.0
532,40,14,37721.94000000001,2,5,5,2,5,5,2.05.05.0,12,1,1.0
533,99,6,17405.989999999998,1,1,2,1,1,2,1.01.02.0,4,0,0.0
534,12,8,23228.050000000003,4,2,3,4,2,3,4.02.03.0,9,0,0.01
535,2,14,32530.58,5,5,5,5,5,5,5.05.05.0,15,1,1.0
536,14,13,34597.71,4,5,5,4,5,5,4.05.05.0,14,1,1.0
537,80,8,16082.92,1,2,1,1,2,1,1.02.01.0,4,0,0.0
538,43,14,34941.88,2,5,5,2,5,5,2.05.05.0,12,1,1.0
539,43,14,41590.38000000001,2,5,5,2,5,5,2.05.05.0,12,1,1.0
540,47,11,24332.1,2,4,3,2,3,3,2.03.03.0,8,0,0.0
541,55,9,18277.370000000003,2,2,2,2,2,2,2.02.02.0,6,0,0.0
542,96,7,16991.77,1,1,1,1,1,1,1.01.01.0,3,0,0.0
543,58,11,32398.59,2,4,5,2,3,5,2.03.05.0,10,1,0.99
544,68,4,6597.02,1,1,1,1,1,1,1.01.01.0,3,0,0.0
545,4,13,25707.730000000003,5,5,3,5,5,3,5.05.03.0,13,1,1.0
546,123,8,22011.25,1,2,3,1,2,3,1.02.03.0,6,0,0.0
547,63,5,14566.81,1,1,1,1,1,1,1.01.01.0,3,0,0.0
548,23,9,15007.79,3,2,1,3,2,1,3.02.01.0,6,0,0.0
549,9,11,29351.42,4,4,4,4,3,4,4.03.04.0,11,1,1.0
550,155,7,19869.15,1,1,2,1,1,2,1.01.02.0,4,0,0.0
551,10,14,34121.08,4,5,5,4,5,5,4.05.05.0,14,1,1.0
552,30,10,17488.719999999998,3,3,2,3,3,2,3.03.02.0,8,0,0.0
553,18,12,33578.63,4,4,5,4,4,5,4.04.05.0,13,1,1.0
554,4,9,27566.12,5,2,4,5,2,4,5.02.04.0,11,1,1.0
555,2,9,20167.98,5,2,2,5,2,2,5.02.02.0,9,0,0.11
556,9,5,11263.499999999998,4,1,1,4,1,1,4.01.01.0,6,0,0.0
557,49,13,44651.740000000005,2,5,5,2,5,5,2.05.05.0,12,1,1.0
558,46,12,32787.9,2,4,5,2,4,5,2.04.05.0,11,1,1.0
559,41,10,22315.410000000003,2,3,3,2,3,3,2.03.03.0,8,0,0.0
560,65,8,11018.78,1,2,1,1,2,1,1.02.01.0,4,0,0.0
561,13,11,26552.279999999995,4,4,4,4,3,4,4.03.04.0,11,1,1.0
562,19,11,30123.74,3,4,4,3,3,4,3.03.04.0,10,1,1.0
563,7,10,24570.24,5,3,3,5,3,3,5.03.03.0,11,1,1.0
564,87,13,26607.49,1,5,4,1,5,4,1.05.04.0,10,1,0.54
565,79,7,17452.95,1,1,2,1,1,2,1.01.02.0,4,0,0.0
566,21,15,34032.53,3,5,5,3,5,5,3.05.05.0,13,1,1.0
567,99,8,26490.05,1,2,4,1,2,4,1.02.04.0,7,0,0.0
568,23,10,31732.57,3,3,4,3,3,4,3.03.04.0,10,1,0.88
569,2,8,13519.18,5,2,1,5,2,1,5.02.01.0,8,0,0.0
570,10,6,15472.7,4,1,1,4,1,1,4.01.01.0,6,0,0.0
571,28,11,29058.08,3,4,4,3,3,4,3.03.04.0,10,1,1.0
572,3,11,28737.54,5,4,4,5,3,4,5.03.04.0,12,1,1.0
573,49,7,23244.25,2,1,3,2,1,3,2.01.03.0,6,0,0.0
574,1,12,34664.71,5,4,5,5,4,5,5.04.05.0,14,1,1.0
575,9,10,20944.94,4,3,2,4,3,2,4.03.02.0,9,0,0.02
576,56,15,43455.45,2,5,5,2,5,5,2.05.05.0,12,1,1.0
577,90,8,17589.239999999998,1,2,2,1,2,2,1.02.02.0,5,0,0.0
578,70,13,29114.49,1,5,4,1,5,4,1.05.04.0,10,1,0.64
579,6,8,20087.02,5,2,2,5,2,2,5.02.02.0,9,0,0.01
580,13,11,18083.93,4,4,2,4,3,2,4.03.02.0,9,0,0.38
581,7,8,13610.35,5,2,1,5,2,1,5.02.01.0,8,0,0.0
582,5,13,33650.74,5,5,5,5,5,5,5.05.05.0,15,1,1.0
583,46,12,25386.0,2,4,3,2,4,3,2.04.03.0,9,0,0.05
584,18,7,13436.71,4,1,1,4,1,1,4.01.01.0,6,0,0.0
585,26,13,35387.08,3,5,5,3,5,5,3.05.05.0,13,1,1.0
586,6,16,34897.21000000001,5,5,5,5,5,5,5.05.05.0,15,1,1.0
587,23,10,27767.620000000003,3,3,4,3,3,4,3.03.04.0,10,1,0.85
588,34,12,38547.09,2,4,5,2,4,5,2.04.05.0,11,1,1.0
589,16,15,35937.310000000005,4,5,5,4,5,5,4.05.05.0,14,1,1.0
590,30,9,22854.550000000003,3,2,3,3,2,3,3.02.03.0,8,0,0.0
591,17,12,32335.24,4,4,5,4,4,5,4.04.05.0,13,1,1.0
592,1,14,35934.12,5,5,5,5,5,5,5.05.05.0,15,1,1.0
593,21,12,25989.890000000003,3,4,3,3,4,3,3.04.03.0,10,1,0.94
594,13,10,27989.73,4,3,4,4,3,4,4.03.04.0,11,1,1.0
595,7,14,32673.76,5,5,5,5,5,5,5.05.05.0,15,1,1.0
596,52,7,17037.61,2,1,1,2,1,1,2.01.01.0,4,0,0.0
597,34,11,24632.5,2,4,3,2,3,3,2.03.03.0,8,0,0.0
598,33,9,20005.82,3,3,2,3,2,2,3.02.02.0,7,0,0.0
599,5,11,28565.65,5,4,4,5,3,4,5.03.04.0,12,1,1.0
600,106,9,21559.4,1,3,2,1,2,2,1.02.02.0,5,0,0.0
601,11,5,11224.320000000002,4,1,1,4,1,1,4.01.01.0,6,0,0.0
602,8,16,48748.2,5,5,5,5,5,5,5.05.05.0,15,1,1.0
603,3,8,22838.71,5,2,3,5,2,3,5.02.03.0,10,1,0.64
604,197,2,4171.58,1,1,1,1,1,1,1.01.01.0,3,0,0.0
605,41,15,36186.880000000005,2,5,5,2,5,5,2.05.05.0,12,1,1.0
606,29,12,38675.5,3,4,5,3,4,5,3.04.05.0,12,1,1.0
607,87,9,29538.67,1,3,4,1,2,4,1.02.04.0,7,0,0.0
608,3,7,18831.370000000003,5,1,2,5,1,2,5.01.02.0,8,0,0.0
609,1,12,33917.89,5,4,5,5,4,5,5.04.05.0,14,1,1.0
610,177,9,29283.52,1,3,4,1,2,4,1.02.04.0,7,0,0.0
611,12,13,25689.06,4,5,3,4,5,3,4.05.03.0,12,1,1.0
612,16,14,35671.02,4,5,5,4,5,5,4.05.05.0,14,1,1.0
613,5,8,21528.9,5,2,2,5,2,2,5.02.02.0,9,0,0.01
614,63,9,16926.66,1,3,1,1,2,1,1.02.01.0,4,0,0.0
615,73,6,13602.96,1,1,1,1,1,1,1.01.01.0,3,0,0.0
616,125,8,21157.81,1,2,2,1,2,2,1.02.02.0,5,0,0.0
617,107,7,10750.740000000002,1,1,1,1,1,1,1.01.01.0,3,0,0.0
618,25,13,22147.76,3,5,3,3,5,3,3.05.03.0,11,1,1.0
619,5,9,17019.02,5,3,1,5,2,1,5.02.01.0,8,0,0.0
620,43,11,24960.890000000003,2,4,3,2,3,3,2.03.03.0,8,0,0.0
621,59,9,21279.99,1,3,2,1,2,2,1.02.02.0,5,0,0.0
622,14,10,22083.26,4,3,3,4,3,3,4.03.03.0,10,1,0.81
623,44,10,22851.32,2,3,3,2,3,3,2.03.03.0,8,0,0.0
624,6,6,12215.34,5,1,1,5,1,1,5.01.01.0,7,0,0.0
625,43,18,51034.42,2,5,5,2,5,5,2.05.05.0,12,1,1.0
626,23,11,24085.57,3,4,3,3,3,3,3.03.03.0,9,0,0.45
627,1,10,27592.18,5,3,4,5,3,4,5.03.04.0,12,1,1.0
628,48,10,25789.370000000003,2,3,3,2,3,3,2.03.03.0,8,0,0.0
629,30,17,53160.28,3,5,5,3,5,5,3.05.05.0,13,1,1.0
630,32,9,24942.95,3,3,3,3,2,3,3.02.03.0,8,0,0.0
631,16,11,34274.42,4,4,5,4,3,5,4.03.05.0,12,1,1.0
632,12,10,27474.25,4,3,4,4,3,4,4.03.04.0,11,1,1.0
633,30,10,20984.89,3,3,2,3,3,2,3.03.02.0,8,0,0.0
634,9,15,26315.69,4,5,3,4,5,3,4.05.03.0,12,1,1.0
635,62,12,30722.09,1,4,4,1,4,4,1.04.04.0,9,0,0.06
636,8,4,9714.28,5,1,1,5,1,1,5.01.01.0,7,0,0.0
637,3,9,21946.3,5,3,2,5,2,2,5.02.02.0,9,0,0.23
638,44,10,27173.130000000005,2,3,4,2,3,4,2.03.04.0,9,0,0.02
639,64,10,26169.81,1,3,3,1,3,3,1.03.03.0,7,0,0.0
640,2,11,28938.56,5,4,4,5,3,4,5.03.04.0,12,1,1.0
641,92,9,27191.22,1,3,4,1,2,4,1.02.04.0,7,0,0.0
642,22,6,13084.96,3,1,1,3,1,1,3.01.01.0,5,0,0.0
643,51,6,14791.84,2,1,1,2,1,1,2.01.01.0,4,0,0.0
644,4,11,21661.0,5,4,2,5,3,2,5.03.02.0,10,1,0.99
645,22,7,17669.13,3,1,2,3,1,2,3.01.02.0,6,0,0.0
646,86,10,29029.7,1,3,4,1,3,4,1.03.04.0,8,0,0.0
647,127,9,21123.69,1,3,2,1,2,2,1.02.02.0,5,0,0.0
648,47,8,20381.15,2,2,2,2,2,2,2.02.02.0,6,0,0.0
649,53,12,25086.11,2,4,3,2,4,3,2.04.03.0,9,0,0.04
650,7,14,41791.280000000006,5,5,5,5,5,5,5.05.05.0,15,1,1.0
651,5,13,25728.09,5,5,3,5,5,3,5.05.03.0,13,1,1.0
652,34,9,13782.26,2,3,1,2,2,1,2.02.01.0,5,0,0.0
653,30,8,21223.24,3,2,2,3,2,2,3.02.02.0,7,0,0.0
654,11,13,33036.04000000001,4,5,5,4,5,5,4.05.05.0,14,1,1.0
655,58,7,16875.04,2,1,1,2,1,1,2.01.01.0,4,0,0.0
656,26,9,24842.64,3,3,3,3,2,3,3.02.03.0,8,0,0.0
657,21,8,17892.96,3,2,2,3,2,2,3.02.02.0,7,0,0.0
658,25,11,25945.95,3,4,3,3,3,3,3.03.03.0,9,0,0.47
659,5,13,18239.06,5,5,2,5,5,2,5.05.02.0,12,1,1.0
660,8,14,32130.13,5,5,4,5,5,4,5.05.04.0,14,1,1.0
661,14,8,21676.11,4,2,2,4,2,2,4.02.02.0,8,0,0.0
662,8,12,18936.08,5,4,2,5,4,2,5.04.02.0,11,1,1.0
663,28,16,41772.2,3,5,5,3,5,5,3.05.05.0,13,1,1.0
664,5,11,19033.29,5,4,2,5,3,2,5.03.02.0,10,1,0.99
665,63,10,25866.03,1,3,3,1,3,3,1.03.03.0,7,0,0.0
666,51,6,19054.11,2,1,2,2,1,2,2.01.02.0,5,0,0.0
667,38,10,28109.89,2,3,4,2,3,4,2.03.04.0,9,0,0.02
668,18,14,36071.01,4,5,5,4,5,5,4.05.05.0,14,1,1.0
669,16,10,30878.27,4,3,4,4,3,4,4.03.04.0,11,1,1.0
670,55,11,29221.140000000003,2,4,4,2,3,4,2.03.04.0,9,0,0.43
671,10,14,40888.99,4,5,5,4,5,5,4.05.05.0,14,1,1.0
672,10,9,23293.710000000003,4,3,3,4,2,3,4.02.03.0,9,0,0.24
673,49,8,18656.17,2,2,2,2,2,2,2.02.02.0,6,0,0.0
674,21,11,19591.490000000005,3,4,2,3,3,2,3.03.02.0,8,0,0.0
675,2,7,21695.07,5,1,2,5,1,2,5.01.02.0,8,0,0.0
676,42,10,19745.73,2,3,2,2,3,2,2.03.02.0,7,0,0.0
677,28,12,23575.2,3,4,3,3,4,3,3.04.03.0,10,1,0.92
678,13,11,25941.250000000004,4,4,3,4,3,3,4.03.03.0,10,1,1.0
679,27,9,19215.83,3,3,2,3,2,2,3.02.02.0,7,0,0.0
680,18,13,25749.56,4,5,3,4,5,3,4.05.03.0,12,1,1.0
681,68,10,27366.4,1,3,4,1,3,4,1.03.04.0,8,0,0.0
682,6,12,21161.390000000003,5,4,2,5,4,2,5.04.02.0,11,1,1.0
683,1,11,30895.04,5,4,4,5,3,4,5.03.04.0,12,1,1.0
684,85,7,11117.61,1,1,1,1,1,1,1.01.01.0,3,0,0.0
685,80,8,29324.92,1,2,4,1,2,4,1.02.04.0,7,0,0.0
686,87,7,19742.09,1,1,2,1,1,2,1.01.02.0,4,0,0.0
687,6,10,24104.34,5,3,3,5,3,3,5.03.03.0,11,1,1.0
688,57,7,21526.35,2,1,2,2,1,2,2.01.02.0,5,0,0.0
689,19,9,20062.1,3,3,2,3,2,2,3.02.02.0,7,0,0.0
690,31,8,18260.620000000003,3,2,2,3,2,2,3.02.02.0,7,0,0.0
691,11,12,32939.25,4,4,5,4,4,5,4.04.05.0,13,1,1.0
692,5,10,27243.81,5,3,4,5,3,4,5.03.04.0,12,1,1.0
693,8,11,35070.48,5,4,5,5,3,5,5.03.05.0,13,1,1.0
694,47,12,30341.42,2,4,4,2,4,4,2.04.04.0,10,1,0.94
695,7,6,16228.73,5,1,1,5,1,1,5.01.01.0,7,0,0.0
696,1,14,39850.2,5,5,5,5,5,5,5.05.05.0,15,1,1.0
697,9,11,27205.43,4,4,4,4,3,4,4.03.04.0,11,1,1.0
698,39,3,5221.289999999999,2,1,1,2,1,1,2.01.01.0,4,0,0.0
699,114,5,14668.48,1,1,1,1,1,1,1.01.01.0,3,0,0.0
700,7,11,30641.29,5,4,4,5,3,4,5.03.04.0,12,1,1.0
701,9,13,33490.560000000005,4,5,5,4,5,5,4.05.05.0,14,1,1.0
702,96,8,12955.16,1,2,1,1,2,1,1.02.01.0,4,0,0.0
703,6,10,31882.02,5,3,4,5,3,4,5.03.04.0,12,1,1.0
704,14,16,37373.8,4,5,5,4,5,5,4.05.05.0,14,1,1.0
705,54,9,24983.110000000004,2,3,3,2,2,3,2.02.03.0,7,0,0.0
706,5,12,27242.06,5,4,4,5,4,4,5.04.04.0,13,1,1.0
707,8,8,19535.98,5,2,2,5,2,2,5.02.02.0,9,0,0.01
708,19,4,8581.07,3,1,1,3,1,1,3.01.01.0,5,0,0.0
709,10,5,6761.28,4,1,1,4,1,1,4.01.01.0,6,0,0.0
710,6,10,18829.120000000003,5,3,2,5,3,2,5.03.02.0,10,1,0.79
711,47,9,25418.57,2,3,3,2,2,3,2.02.03.0,7,0,0.0
712,78,10,19522.31,1,3,2,1,3,2,1.03.02.0,6,0,0.0
713,2,5,14761.169999999998,5,1,1,5,1,1,5.01.01.0,7,0,0.0
714,34,14,31768.289999999997,2,5,4,2,5,4,2.05.04.0,11,1,1.0
715,64,8,23799.77,1,2,3,1,2,3,1.02.03.0,6,0,0.0
716,24,8,17430.08,3,2,2,3,2,2,3.02.02.0,7,0,0.0
717,27,10,14457.15,3,3,1,3,3,1,3.03.01.0,7,0,0.0
718,6,8,18595.28,5,2,2,5,2,2,5.02.02.0,9,0,0.01
719,59,15,33990.34,1,5,5,1,5,5,1.05.05.0,11,1,1.0
720,5,14,43105.2,5,5,5,5,5,5,5.05.05.0,15,1,1.0
721,48,14,28920.410000000003,2,5,4,2,5,4,2.05.04.0,11,1,1.0
722,2,17,42287.52,5,5,5,5,5,5,5.05.05.0,15,1,1.0
723,23,7,14359.89,3,1,1,3,1,1,3.01.01.0,5,0,0.0
724,42,12,24513.120000000003,2,4,3,2,4,3,2.04.03.0,9,0,0.05
725,33,6,10672.79,3,1,1,3,1,1,3.01.01.0,5,0,0.0
726,17,11,32188.57,4,4,4,4,3,4,4.03.04.0,11,1,1.0
727,7,6,19893.35,5,1,2,5,1,2,5.01.02.0,8,0,0.0
728,45,13,30355.18,2,5,4,2,5,4,2.05.04.0,11,1,1.0
729,8,17,36899.3,5,5,5,5,5,5,5.05.05.0,15,1,1.0
730,34,10,28885.16,2,3,4,2,3,4,2.03.04.0,9,0,0.03
731,22,13,31877.8,3,5,4,3,5,4,3.05.04.0,12,1,1.0
732,40,12,30000.42,2,4,4,2,4,4,2.04.04.0,10,1,0.94
733,69,9,18250.1,1,3,2,1,2,2,1.02.02.0,5,0,0.0
734,143,6,12351.62,1,1,1,1,1,1,1.01.01.0,3,0,0.0
735,15,13,35089.1,4,5,5,4,5,5,4.05.05.0,14,1,1.0
736,9,8,16009.81,4,2,1,4,2,1,4.02.01.0,7,0,0.0
737,12,10,23106.02,4,3,3,4,3,3,4.03.03.0,10,1,0.83
738,3,8,13115.09,5,2,1,5,2,1,5.02.01.0,8,0,0.0
739,20,11,36198.14,3,4,5,3,3,5,3.03.05.0,11,1,1.0
740,18,11,39297.77999999999,4,4,5,4,3,5,4.03.05.0,12,1,1.0
741,106,5,13181.87,1,1,1,1,1,1,1.01.01.0,3,0,0.0
742,23,9,30648.83,3,3,4,3,2,4,3.02.04.0,9,0,0.3
743,21,10,22404.87,3,3,3,3,3,3,3.03.03.0,9,0,0.02
744,67,10,28204.91,1,3,4,1,3,4,1.03.04.0,8,0,0.0
745,13,16,37462.9,4,5,5,4,5,5,4.05.05.0,14,1,1.0
746,144,9,19985.32,1,3,2,1,2,2,1.02.02.0,5,0,0.0
747,12,12,21336.2,4,4,2,4,4,2,4.04.02.0,10,1,0.93
748,76,12,30331.39,1,4,4,1,4,4,1.04.04.0,9,0,0.05
749,14,7,14414.61,4,1,1,4,1,1,4.01.01.0,6,0,0.0
750,19,10,20682.65,3,3,2,3,3,2,3.03.02.0,8,0,0.0
751,23,12,29566.2,3,4,4,3,4,4,3.04.04.0,11,1,1.0
752,3,15,35575.369999999995,5,5,5,5,5,5,5.05.05.0,15,1,1.0
753,22,7,16612.250000000004,3,1,1,3,1,1,3.01.01.0,5,0,0.0
754,22,11,27053.12,3,4,4,3,3,4,3.03.04.0,10,1,1.0
755,55,13,25543.32,2,5,3,2,5,3,2.05.03.0,10,1,0.63
756,4,10,26487.09,5,3,4,5,3,4,5.03.04.0,12,1,1.0
757,64,12,23608.12,1,4,3,1,4,3,1.04.03.0,8,0,0.0
758,89,12,42027.60999999999,1,4,5,1,4,5,1.04.05.0,10,1,0.95
759,135,4,12162.83,1,1,1,1,1,1,1.01.01.0,3,0,0.0
760,6,10,21426.1,5,3,2,5,3,2,5.03.02.0,10,1,0.82
761,3,13,28308.73,5,5,4,5,5,4,5.05.04.0,14,1,1.0
762,3,14,31397.27,5,5,4,5,5,4,5.05.04.0,14,1,1.0
763,15,13,32029.19,4,5,4,4,5,4,4.05.04.0,13,1,1.0
764,14,9,19494.61,4,3,2,4,2,2,4.02.02.0,8,0,0.0
765,14,8,15421.7,4,2,1,4,2,1,4.02.01.0,7,0,0.0
766,20,7,21941.91,3,1,2,3,1,2,3.01.02.0,6,0,0.0
767,68,4,14286.77,1,1,1,1,1,1,1.01.01.0,3,0,0.0
768,103,6,14098.03,1,1,1,1,1,1,1.01.01.0,3,0,0.0
769,47,9,20645.910000000003,2,3,2,2,2,2,2.02.02.0,6,0,0.0
770,31,13,38232.18000000001,3,5,5,3,5,5,3.05.05.0,13,1,1.0
771,31,7,16751.95,3,1,1,3,1,1,3.01.01.0,5,0,0.0
772,3,12,27685.88,5,4,4,5,4,4,5.04.04.0,13,1,1.0
773,24,7,25454.31,3,1,3,3,1,3,3.01.03.0,7,0,0.0
774,28,8,21492.620000000003,3,2,2,3,2,2,3.02.02.0,7,0,0.0
775,24,8,16082.61,3,2,1,3,2,1,3.02.01.0,6,0,0.0
776,40,3,10598.41,2,1,1,2,1,1,2.01.01.0,4,0,0.0
777,14,9,22094.13,4,3,3,4,2,3,4.02.03.0,9,0,0.21
778,60,10,24847.33,1,3,3,1,3,3,1.03.03.0,7,0,0.0
779,35,10,26339.1,2,3,3,2,3,3,2.03.03.0,8,0,0.0
780,42,13,42682.58,2,5,5,2,5,5,2.05.05.0,12,1,1.0
781,23,10,30865.76,3,3,4,3,3,4,3.03.04.0,10,1,0.88
782,8,6,13565.4,5,1,1,5,1,1,5.01.01.0,7,0,0.0
783,6,10,33358.1,5,3,5,5,3,5,5.03.05.0,13,1,1.0
784,10,13,25169.870000000003,4,5,3,4,5,3,4.05.03.0,12,1,1.0
785,31,8,24182.49,3,2,3,3,2,3,3.02.03.0,8,0,0.0
786,13,10,20514.04,4,3,2,4,3,2,4.03.02.0,9,0,0.02
787,37,10,24412.99,2,3,3,2,3,3,2.03.03.0,8,0,0.0
788,4,11,27476.300000000003,5,4,4,5,3,4,5.03.04.0,12,1,1.0
789,149,8,18737.120000000003,1,2,2,1,2,2,1.02.02.0,5,0,0.0
790,12,10,22276.57,4,3,3,4,3,3,4.03.03.0,10,1,0.82
791,4,17,34804.98,5,5,5,5,5,5,5.05.05.0,15,1,1.0
792,1,16,42111.36,5,5,5,5,5,5,5.05.05.0,15,1,1.0
793,35,12,28276.390000000003,2,4,4,2,4,4,2.04.04.0,10,1,0.94
794,9,7,14533.59,4,1,1,4,1,1,4.01.01.0,6,0,0.0
795,60,9,22196.79,1,3,3,1,2,3,1.02.03.0,6,0,0.0
796,42,12,35153.05,2,4,5,2,4,5,2.04.05.0,11,1,1.0
797,13,11,38845.79,4,4,5,4,3,5,4.03.05.0,12,1,1.0
798,96,9,27053.24,1,3,4,1,2,4,1.02.04.0,7,0,0.0
799,42,14,28462.93,2,5,4,2,5,4,2.05.04.0,11,1,1.0
800,57,13,30383.65,2,5,4,2,5,4,2.05.04.0,11,1,1.0
801,59,10,25837.43,1,3,3,1,3,3,1.03.03.0,7,0,0.0
802,57,11,30412.85,2,4,4,2,3,4,2.03.04.0,9,0,0.44
803,12,13,27929.1,4,5,4,4,5,4,4.05.04.0,13,1,1.0
804,4,9,21191.99,5,3,2,5,2,2,5.02.02.0,9,0,0.22
805,53,12,24183.19,2,4,3,2,4,3,2.04.03.0,9,0,0.04
806,18,15,28871.75,4,5,4,4,5,4,4.05.04.0,13,1,1.0
807,18,17,42670.87,4,5,5,4,5,5,4.05.05.0,14,1,1.0
808,58,7,22868.08,2,1,3,2,1,3,2.01.03.0,6,0,0.0
809,69,8,14342.51,1,2,1,1,2,1,1.02.01.0,4,0,0.0
810,61,9,19877.8,1,3,2,1,2,2,1.02.02.0,5,0,0.0
811,25,8,12050.86,3,2,1,3,2,1,3.02.01.0,6,0,0.0
812,2,14,31323.300000000003,5,5,4,5,5,4,5.05.04.0,14,1,1.0
813,70,8,10880.36,1,2,1,1,2,1,1.02.01.0,4,0,0.0
814,28,15,48265.630000000005,3,5,5,3,5,5,3.05.05.0,13,1,1.0
815,28,10,20904.36,3,3,2,3,3,2,3.03.02.0,8,0,0.0
816,59,10,16961.98,1,3,1,1,3,1,1.03.01.0,5,0,0.0
817,3,10,17614.63,5,3,2,5,3,2,5.03.02.0,10,1,0.79
818,21,7,15986.54,3,1,1,3,1,1,3.01.01.0,5,0,0.0
819,31,5,8789.89,3,1,1,3,1,1,3.01.01.0,5,0,0.0
820,4,13,30466.97,5,5,4,5,5,4,5.05.04.0,14,1,1.0
821,4,9,18295.77,5,3,2,5,2,2,5.02.02.0,9,0,0.19
822,2,9,24588.2,5,3,3,5,2,3,5.02.03.0,10,1,0.99
823,30,12,38918.28,3,4,5,3,4,5,3.04.05.0,12,1,1.0
824,2,10,26868.96,5,3,4,5,3,4,5.03.04.0,12,1,1.0
825,98,11,42827.78999999999,1,4,5,1,3,5,1.03.05.0,9,0,0.5
826,49,13,24313.42,2,5,3,2,5,3,2.05.03.0,10,1,0.63
827,13,14,34733.37,4,5,5,4,5,5,4.05.05.0,14,1,1.0
828,6,6,15699.3,5,1,1,5,1,1,5.01.01.0,7,0,0.0
829,20,8,18892.75,3,2,2,3,2,2,3.02.02.0,7,0,0.0
830,13,16,32727.23,4,5,5,4,5,5,4.05.05.0,14,1,1.0
831,135,5,20965.86,1,1,2,1,1,2,1.01.02.0,4,0,0.0
832,15,6,9841.08,4,1,1,4,1,1,4.01.01.0,6,0,0.0
833,55,14,40470.11,2,5,5,2,5,5,2.05.05.0,12,1,1.0
834,27,7,21894.73,3,1,2,3,1,2,3.01.02.0,6,0,0.0
835,28,14,39211.02,3,5,5,3,5,5,3.05.05.0,13,1,1.0
836,38,8,25583.61,2,2,3,2,2,3,2.02.03.0,7,0,0.0
837,55,10,23110.37,2,3,3,2,3,3,2.03.03.0,8,0,0.0
838,12,7,25767.53,4,1,3,4,1,3,4.01.03.0,8,0,0.0
839,10,9,23131.04,4,3,3,4,2,3,4.02.03.0,9,0,0.23
840,7,11,15949.38,5,4,1,5,3,1,5.03.01.0,9,0,0.36
841,4,8,23312.95,5,2,3,5,2,3,5.02.03.0,10,1,0.65
842,3,7,17408.54,5,1,2,5,1,2,5.01.02.0,8,0,0.0
843,29,6,10164.21,3,1,1,3,1,1,3.01.01.0,5,0,0.0
844,98,9,19241.94,1,3,2,1,2,2,1.02.02.0,5,0,0.0
845,1,21,52801.73,5,5,5,5,5,5,5.05.05.0,15,1,1.0
846,12,11,36906.22,4,4,5,4,3,5,4.03.05.0,12,1,1.0
847,3,12,27874.16,5,4,4,5,4,4,5.04.04.0,13,1,1.0
848,23,10,27261.98,3,3,4,3,3,4,3.03.04.0,10,1,0.85
849,36,9,23734.49,2,3,3,2,2,3,2.02.03.0,7,0,0.0
850,57,8,13678.87,2,2,1,2,2,1,2.02.01.0,5,0,0.0
851,33,8,20655.37,3,2,2,3,2,2,3.02.02.0,7,0,0.0
852,5,15,45236.03,5,5,5,5,5,5,5.05.05.0,15,1,1.0
853,42,12,26733.6,2,4,4,2,4,4,2.04.04.0,10,1,0.93
854,21,12,38495.92,3,4,5,3,4,5,3.04.05.0,12,1,1.0
855,1,10,24034.49,5,3,3,5,3,3,5.03.03.0,11,1,1.0
856,87,6,9650.11,1,1,1,1,1,1,1.01.01.0,3,0,0.0
857,24,6,12921.38,3,1,1,3,1,1,3.01.01.0,5,0,0.0
858,1,14,37705.54,5,5,5,5,5,5,5.05.05.0,15,1,1.0
859,20,14,31632.93,3,5,4,3,5,4,3.05.04.0,12,1,1.0
860,39,7,20848.98,2,1,2,2,1,2,2.01.02.0,5,0,0.0
861,11,12,22826.8,4,4,3,4,4,3,4.04.03.0,11,1,1.0
862,6,13,26414.04,5,5,4,5,5,4,5.05.04.0,14,1,1.0
863,23,10,37579.08,3,3,5,3,3,5,3.03.05.0,11,1,1.0
864,14,18,47960.74,4,5,5,4,5,5,4.05.05.0,14,1,1.0
865,2,8,12410.09,5,2,1,5,2,1,5.02.01.0,8,0,0.0
866,27,16,31292.62,3,5,4,3,5,4,3.05.04.0,12,1,1.0
867,3,14,25883.14,5,5,3,5,5,3,5.05.03.0,13,1,1.0
868,14,15,47315.52999999999,4,5,5,4,5,5,4.05.05.0,14,1,1.0
869,55,7,13844.399999999998,2,1,1,2,1,1,2.01.01.0,4,0,0.0
870,8,13,36367.94,5,5,5,5,5,5,5.05.05.0,15,1,1.0
871,13,13,31000.98,4,5,4,4,5,4,4.05.04.0,13,1,1.0
872,3,9,30705.81,5,3,4,5,2,4,5.02.04.0,11,1,1.0
873,13,8,19852.47,4,2,2,4,2,2,4.02.02.0,8,0,0.0
874,4,10,20720.53,5,3,2,5,3,2,5.03.02.0,10,1,0.82
875,28,8,12984.990000000002,3,2,1,3,2,1,3.02.01.0,6,0,0.0
876,48,13,38522.17999999999,2,5,5,2,5,5,2.05.05.0,12,1,1.0
877,53,10,21144.910000000003,2,3,2,2,3,2,2.03.02.0,7,0,0.0
878,47,10,23428.25,2,3,3,2,3,3,2.03.03.0,8,0,0.0
879,25,8,18864.82,3,2,2,3,2,2,3.02.02.0,7,0,0.0
880,8,8,19714.79,5,2,2,5,2,2,5.02.02.0,9,0,0.01
881,6,11,21060.200000000004,5,4,2,5,3,2,5.03.02.0,10,1,0.99
882,22,7,22758.86,3,1,3,3,1,3,3.01.03.0,7,0,0.0
883,77,13,35073.82,1,5,5,1,5,5,1.05.05.0,11,1,1.0
884,9,10,26257.93,4,3,3,4,3,3,4.03.03.0,10,1,0.86
885,34,12,27307.870000000003,2,4,4,2,4,4,2.04.04.0,10,1,0.94
886,122,8,20473.51,1,2,2,1,2,2,1.02.02.0,5,0,0.0
887,5,14,38495.5,5,5,5,5,5,5,5.05.05.0,15,1,1.0
888,23,12,30224.55,3,4,4,3,4,4,3.04.04.0,11,1,1.0
889,118,4,7362.38,1,1,1,1,1,1,1.01.01.0,3,0,0.0
890,2,12,27707.26,5,4,4,5,4,4,5.04.04.0,13,1,1.0
891,53,11,22085.23,2,4,3,2,3,3,2.03.03.0,8,0,0.0
892,72,8,22431.54,1,2,3,1,2,3,1.02.03.0,6,0,0.0
893,17,12,32016.8,4,4,4,4,4,4,4.04.04.0,12,1,1.0
894,13,9,24679.6,4,3,3,4,2,3,4.02.03.0,9,0,0.25
895,62,11,31372.91,1,4,4,1,3,4,1.03.04.0,8,0,0.0
896,35,9,21383.92,2,3,2,2,2,2,2.02.02.0,6,0,0.0
897,29,12,24585.910000000003,3,4,3,3,4,3,3.04.03.0,10,1,0.93
898,61,14,37030.93000000001,1,5,5,1,5,5,1.05.05.0,11,1,1.0
899,54,6,9320.76,2,1,1,2,1,1,2.01.01.0,4,0,0.0
900,113,8,14099.81,1,2,1,1,2,1,1.02.01.0,4,0,0.0
901,11,8,20743.56,4,2,2,4,2,2,4.02.02.0,8,0,0.0
902,39,12,28149.270000000004,2,4,4,2,4,4,2.04.04.0,10,1,0.93
903,68,11,21289.97,1,4,2,1,3,2,1.03.02.0,6,0,0.0
904,6,12,24326.45,5,4,3,5,4,3,5.04.03.0,12,1,1.0
905,27,8,9004.59,3,2,1,3,2,1,3.02.01.0,6,0,0.0
906,37,12,33603.14,2,4,5,2,4,5,2.04.05.0,11,1,1.0
907,23,8,15747.98,3,2,1,3,2,1,3.02.01.0,6,0,0.0
908,18,14,45328.81999999999,4,5,5,4,5,5,4.05.05.0,14,1,1.0
909,25,6,15701.04,3,1,1,3,1,1,3.01.01.0,5,0,0.0
910,18,8,19821.840000000004,4,2,2,4,2,2,4.02.02.0,8,0,0.0
911,6,11,28148.41,5,4,4,5,3,4,5.03.04.0,12,1,1.0
912,14,10,24432.64,4,3,3,4,3,3,4.03.03.0,10,1,0.84
913,22,11,21194.42,3,4,2,3,3,2,3.03.02.0,8,0,0.0
914,35,8,13663.38,2,2,1,2,2,1,2.02.01.0,5,0,0.0
915,6,7,12668.21,5,1,1,5,1,1,5.01.01.0,7,0,0.0
916,12,4,12762.66,4,1,1,4,1,1,4.01.01.0,6,0,0.0
917,65,8,27653.32,1,2,4,1,2,4,1.02.04.0,7,0,0.0
918,5,14,27721.52,5,5,4,5,5,4,5.05.04.0,14,1,1.0
919,9,9,30399.020000000004,4,3,4,4,2,4,4.02.04.0,10,1,0.99
920,31,13,36062.05,3,5,5,3,5,5,3.05.05.0,13,1,1.0
921,29,7,18651.41,3,1,2,3,1,2,3.01.02.0,6,0,0.0
922,17,12,36598.03,4,4,5,4,4,5,4.04.05.0,13,1,1.0
923,75,8,22645.28,1,2,3,1,2,3,1.02.03.0,6,0,0.0
924,14,10,32009.75,4,3,4,4,3,4,4.03.04.0,11,1,1.0
925,58,10,26234.410000000003,2,3,3,2,3,3,2.03.03.0,8,0,0.0
926,63,7,19253.49,1,1,2,1,1,2,1.01.02.0,4,0,0.0
927,27,11,27170.78,3,4,4,3,3,4,3.03.04.0,10,1,0.99
928,19,14,34744.91,3,5,5,3,5,5,3.05.05.0,13,1,1.0
929,37,4,7695.43,2,1,1,2,1,1,2.01.01.0,4,0,0.0
930,65,4,5737.09,1,1,1,1,1,1,1.01.01.0,3,0,0.0
931,47,9,24698.01,2,3,3,2,2,3,2.02.03.0,7,0,0.0
932,109,13,39847.24,1,5,5,1,5,5,1.05.05.0,11,1,1.0
933,24,10,22863.91,3,3,3,3,3,3,3.03.03.0,9,0,0.02
934,17,9,19941.29,4,3,2,4,2,2,4.02.02.0,8,0,0.0
935,24,12,37591.19,3,5,5,3,4,5,3.04.05.0,12,1,1.0
936,1,7,20883.79,5,1,2,5,1,2,5.01.02.0,8,0,0.0
937,97,5,14735.240000000002,1,1,1,1,1,1,1.01.01.0,3,0,0.0
938,54,10,28838.56,2,3,4,2,3,4,2.03.04.0,9,0,0.02
939,10,13,26516.53,4,5,4,4,5,4,4.05.04.0,13,1,1.0
940,40,6,10967.44,2,1,1,2,1,1,2.01.01.0,4,0,0.0
941,30,10,25128.16,3,3,3,3,3,3,3.03.03.0,9,0,0.02
942,4,7,17360.879999999997,5,2,2,5,1,2,5.01.02.0,8,0,0.0
943,19,8,18942.67,3,2,2,3,2,2,3.02.02.0,7,0,0.0
944,93,12,28427.4,1,5,4,1,4,4,1.04.04.0,9,0,0.07
945,6,9,17859.039999999997,5,3,2,5,2,2,5.02.02.0,9,0,0.18
946,25,10,28223.67,3,3,4,3,3,4,3.03.04.0,10,1,0.85
947,2,5,13967.41,5,1,1,5,1,1,5.01.01.0,7,0,0.0
948,27,11,25669.34,3,4,3,3,3,3,3.03.03.0,9,0,0.46
949,51,10,21479.34,2,3,2,2,3,2,2.03.02.0,7,0,0.0
950,28,12,32321.47,3,5,5,3,4,5,3.04.05.0,12,1,1.0
951,15,15,37565.29,4,5,5,4,5,5,4.05.05.0,14,1,1.0
952,16,7,15323.38,4,2,1,4,1,1,4.01.01.0,6,0,0.0
953,142,10,16836.51,1,3,1,1,3,1,1.03.01.0,5,0,0.0
954,17,7,11955.71,4,2,1,4,1,1,4.01.01.0,6,0,0.0
955,35,10,31380.099999999995,2,3,4,2,3,4,2.03.04.0,9,0,0.03
956,32,14,33452.689999999995,3,5,5,3,5,5,3.05.05.0,13,1,1.0
957,17,7,20221.25,4,2,2,4,1,2,4.01.02.0,7,0,0.0
958,1,16,25739.66,5,5,3,5,5,3,5.05.03.0,13,1,1.0
959,1,7,22848.43,5,2,3,5,1,3,5.01.03.0,9,0,0.1
960,7,12,38855.04,5,5,5,5,4,5,5.04.05.0,14,1,1.0
961,150,7,22226.27,1,2,3,1,1,3,1.01.03.0,5,0,0.0
962,64,5,15836.09,1,1,1,1,1,1,1.01.01.0,3,0,0.0
963,21,13,34312.45,3,5,5,3,5,5,3.05.05.0,13,1,1.0
964,19,9,24320.59,3,3,3,3,2,3,3.02.03.0,8,0,0.0
965,24,13,24512.74,3,5,3,3,5,3,3.05.03.0,11,1,1.0
966,13,13,32352.77,4,5,5,4,5,5,4.05.05.0,14,1,1.0
967,18,7,10172.19,4,2,1,4,1,1,4.01.01.0,6,0,0.0
968,25,7,17592.39,3,2,2,3,1,2,3.01.02.0,6,0,0.0
969,78,7,14458.55,1,2,1,1,1,1,1.01.01.0,3,0,0.0
970,18,13,34998.869999999995,4,5,5,4,5,5,4.05.05.0,14,1,1.0
971,7,10,26014.78,5,3,3,5,3,3,5.03.03.0,11,1,1.0
972,40,6,20974.33,2,1,2,2,1,2,2.01.02.0,5,0,0.0
973,55,7,22987.9,2,2,3,2,1,3,2.01.03.0,6,0,0.0
974,18,7,23399.54,4,2,3,4,1,3,4.01.03.0,8,0,0.0
975,26,10,20975.36,3,3,2,3,3,2,3.03.02.0,8,0,0.0
976,7,10,29599.83,5,3,4,5,3,4,5.03.04.0,12,1,1.0
977,8,7,20354.369999999995,5,2,2,5,1,2,5.01.02.0,8,0,0.0
978,3,13,32330.04,5,5,5,5,5,5,5.05.05.0,15,1,1.0
979,12,15,26763.04,4,5,4,4,5,4,4.05.04.0,13,1,1.0
980,28,8,16030.759999999998,3,2,1,3,2,1,3.02.01.0,6,0,0.0
981,34,8,16475.52,2,2,1,2,2,1,2.02.01.0,5,0,0.0
982,17,13,22198.46,4,5,3,4,5,3,4.05.03.0,12,1,1.0
983,102,8,18897.08,1,2,2,1,2,2,1.02.02.0,5,0,0.0
984,9,6,18713.93,4,1,2,4,1,2,4.01.02.0,7,0,0.0
985,15,10,24785.45,4,3,3,4,3,3,4.03.03.0,10,1,0.84
986,49,6,11850.96,2,1,1,2,1,1,2.01.01.0,4,0,0.0
987,27,10,32981.89,3,3,5,3,3,5,3.03.05.0,11,1,1.0
988,24,9,31245.120000000003,3,3,4,3,2,4,3.02.04.0,9,0,0.31
989,15,6,16397.2,4,1,1,4,1,1,4.01.01.0,6,0,0.0
990,23,7,25659.13,3,2,3,3,1,3,3.01.03.0,7,0,0.0
991,86,9,20921.15,1,3,2,1,2,2,1.02.02.0,5,0,0.0
992,3,15,35107.43000000001,5,5,5,5,5,5,5.05.05.0,15,1,1.0
993,35,10,27263.370000000003,2,3,4,2,3,4,2.03.04.0,9,0,0.02
994,29,8,16896.850000000002,3,2,1,3,2,1,3.02.01.0,6,0,0.0
995,13,10,22951.68,4,3,3,4,3,3,4.03.03.0,10,1,0.82
996,2,11,25551.19,5,4,3,5,3,3,5.03.03.0,11,1,1.0
997,3,6,16858.739999999998,5,1,1,5,1,1,5.01.01.0,7,0,0.0
998,71,7,14927.320000000002,1,2,1,1,1,1,1.01.01.0,3,0,0.0
999,16,10,24120.01,4,3,3,4,3,3,4.03.03.0,10,1,0.83
1000,30,15,34313.439999999995,3,5,5,3,5,5,3.05.05.0,13,1,1.0
